id,material_id,name,smiles,ratio
1,1,rice starch,C([C@@H]1[C@H]([C@@H]([C@H]([C@H](O1)O)O)O)O)O,100.0
2,3,cellulose nanofiber,OC[C@H]1O[C@@H](O)[C@H](O)[C@@H](O)[C@@H]1O,100.0
3,5,corn starch,C([C@@H]1[C@H]([C@@H]([C@H]([C@H](O1)O)O)O)O)O,100.0
4,10,whey protein,C[C@@H](C(=O)O)N,5.21
5,10,whey protein,C(C[C@@H](C(=O)O)N)CN=C(N)N,2.32
6,10,whey protein,C([C@@H](C(=O)O)N)C(=O)N,12.18
7,10,whey protein,C([C@@H](C(=O)O)N)S,2.15
8,10,whey protein,C(CC(=O)O)[C@@H](C(=O)O)N,17.66
9,10,whey protein,C(C(=O)O)N,1.43
10,10,whey protein,C1=C(NC=N1)C[C@@H](C(=O)O)N,1.43
11,10,whey protein,CC[C@H](C)[C@@H](C(=O)O)N,6.41
12,10,whey protein,CC(C)C[C@@H](C(=O)O)N,9.94
13,10,whey protein,CCC(CC1=CC=CC=C1)CNC(=O)C2=CC3=C(C=C2)SC4=CC=CC=C4C(=O)N3,8.07
14,10,whey protein,CSCC[C@@H](C(=O)O)N,2.55
15,10,whey protein,C1=CC=C(C=C1)C[C@@H](C(=O)O)N,2.74
16,10,whey protein,C1C[C@H](NC1)C(=O)O,5.45
17,10,whey protein,C(C(C(=O)O)N)O,4.51
18,10,whey protein,C[C@H]([C@@H](C(=O)O)N)O,7.02
19,10,whey protein,C1=CC=C2C(=C1)C(=CN2)C[C@@H](C(=O)O)N,1.6
20,10,whey protein,C1=CC(=CC=C1C[C@@H](C(=O)O)N)O,2.78
21,10,whey protein,CC(C)[C@@H](C(=O)O)N,5.65
22,12,soy protein,C[C@@H](C(=O)O)N,3.6
23,12,soy protein,C(C[C@@H](C(=O)O)N)CN=C(N)N,6.7
24,12,soy protein,C([C@@H](C(=O)O)N)C(=O)N,10.2
25,12,soy protein,C([C@@H](C(=O)O)N)S,1.1
26,12,soy protein,C(CC(=O)O)[C@@H](C(=O)O)N,17.5
27,12,soy protein,C(C(=O)O)N,3.6
28,12,soy protein,C1=C(NC=N1)C[C@@H](C(=O)O)N,2.2
29,12,soy protein,CC[C@H](C)[C@@H](C(=O)O)N,4.3
30,12,soy protein,CC(C)C[C@@H](C(=O)O)N,6.8
31,12,soy protein,CCC(CC1=CC=CC=C1)CNC(=O)C2=CC3=C(C=C2)SC4=CC=CC=C4C(=O)N3,5.6
32,12,soy protein,CSCC[C@@H](C(=O)O)N,1.1
33,12,soy protein,C1=CC=C(C=C1)C[C@@H](C(=O)O)N,4.7
34,12,soy protein,C1C[C@H](NC1)C(=O)O,4.9
35,12,soy protein,C(C(C(=O)O)N)O,4.5
36,12,soy protein,C[C@H]([C@@H](C(=O)O)N)O,3.2
37,12,soy protein,C1=CC=C2C(=C1)C(=CN2)C[C@@H](C(=O)O)N,1.2
38,12,soy protein,C1=CC(=CC=C1C[C@@H](C(=O)O)N)O,3.8
39,12,soy protein,CC(C)[C@@H](C(=O)O)N,4.2
40,13,alginate,[C@@H]1([C@@H]([C@@H](O[C@H]([C@H]1O)O)C(=O)O)O)O,55.0
41,13,alginate,[C@@H]1([C@@H]([C@H](O[C@H]([C@H]1O)O)C(=O)O)O)O,45.0
42,14,hydroxypropylethylcellulose,C([C@@H]1[C@H]([C@@H]([C@H]([C@@H](O1)O)O)O)O)O,100.0
43,14,hydroxypropylemethylcellulose,CC(COC[C@@H]1[C@H]([C@@H]([C@H]([C@@H](O1)O[C@@H]2[C@H](O[C@H]([C@@H]([C@H]2OCC(C)O)OCC(C)O)OCC(C)O)COCC(C)O)OCC(C)O)OCC(C)O)OCC(C)O)O.COC[C@@H]1[C@H]([C@@H]([C@H]([C@@H](O1)O[C@@H]2[C@H](O[C@H]([C@@H]([C@H]2OC)OC)OC)COC)OC)OC)OC,100.0
44,16,aloe vera,OC[C@H]1OC(O)C@@HC@@H[C@H]1O,35.0
45,16,aloe vera,OC[C@H]1OC(O)C@HC@@H[C@H]1O,15.0
46,16,aloe vera,OC(=O)CC(O)C(=O)O,10.0
47,16,aloe vera,OC(=O)CC(O)(CC(=O)O)C(=O)O,5.0
48,16,aloe vera,OCC1=CC(O)=C2C(=C1)C(=O)C3=C(O)C=CC=C3C2C4OC(CO)C(O)C(O)C4O,0.5
49,16,aloe vera,OCC1=CC(O)=C2C(=O)C3=C(O)C=CC=C3C(=O)C2=C1,0.2
50,16,aloe vera,OC(=O)C1=CC=CC=C1O,0.1
51,16,aloe vera,OC(=O)C=CC1=CC=C(O)C=C1,0.05
52,16,aloe vera,OC(=O)C=CC1=CC=CC=C1,0.03
53,16,aloe vera,CCC@HC@H[C@H]1CC[C@@H]2[C@@]1(CC[C@H]3[C@H]2CC=C4CC@@HO)C,0.02
54,16,aloe vera,CC@H[C@H]1CC[C@@H]2[C@@]1(CC[C@H]3[C@H]2CC=C4CC@@HO)C,0.01
55,16,aloe vera,CC(=C)[C@@H]1CC[C@@]2([C@H]1CC[C@]34[C@H]2CC[C@@H]5[C@@]3(CCC@@HO)C(C)C4)C,0.01
56,16,aloe vera,NC(CC(=O)O)C(=O)O,0.3
57,16,aloe vera,NC(CCC(=O)O)C(=O)O,0.4
58,16,aloe vera,NC(CO)C(=O)O,0.2
59,16,aloe vera,NCC(=O)O,0.2
60,16,aloe vera,NC(C)C(=O)O,0.2
61,16,aloe vera,NC(C(C)C)C(=O)O,0.2
62,18,guar gum,C([C@@H]1[C@@H]([C@@H]([C@H]([C@H](O1)O)O)O)O)O,37.0
63,18,guar gum,C([C@@H]1[C@H]([C@@H]([C@@H]([C@@H](O1)O)O)O)O)O,63.0
64,23,glycerol,OCC(O)CO,100.0
65,24,citric acid,C(C(=O)O)C(CC(=O)O)(C(=O)O)O,100.0
66,25,tween 20,CCCCCCCCCCCC(=O)OCCOCC(C1C(C(CO1)OCCO)OCCO)OCCO,100.0
67,26,tween 80,CCCCCCCC/C=C/CCCCCCCC(=O)OCCOCC(C1C(CC(O1)OCCO)OCCO)OCCO,100.0
68,27,tea seed oil,CCCCCCCC/C=C\CCCCCCCC(=O)O,56.0
69,27,tea seed oil,OC(CCCCCCC/C=C\C/C=C\CCCCC)=O,22.0
70,27,tea seed oil,CC/C=C\C/C=C\C/C=C\CCCCCCCC(O)=O,0.3
71,29,lemongrass oil,CC(=CCC/C(=C/C=O)/C)C,36.08
72,29,lemongrass oil,CC(=CCC/C(=C\C=O)/C)C,34.22
73,29,lemongrass oil,CC(=CCCC(=C)C=C)C,13.84
74,30,lemon essential oil,CC1=CC[C@H](CC1)C(=C)C,60.7
75,30,lemon essential oil,C=C1CCC2CC1C2(C)C,12.6
76,30,lemon essential oil,CC1=CCC(=CC1)C(C)C,10.3
77,30,lemon essential oil,CC1=CCC2CC1C2(C)C,2.6
78,30,lemon essential oil,CC(C)C12CCC(=C)C1C2,2.4
79,30,lemon essential oil,CC(=CCC/C(=C/C=O)/C)C,2.2
80,30,lemon essential oil,CC(=CCC/C(=C\C=O)/C)C,1.2
81,32,oregano essential oil,CC1=CC=CC=C1C(C)C,39.44
82,32,oregano essential oil,CC1=C(C=C(C=C1)C(C)C)O,29.8
83,32,oregano essential oil,CC1=CCC(=C(C)C)CC1,20.82
84,35,methylcellulose,C([C@@H]1[C@H]([C@@H]([C@H]([C@@H](O1)O)O)O)O)O,100.0
85,39,sorbitol,C([C@H]([C@H]([C@@H]([C@H](CO)O)O)O)O)O,100.0
86,40,olive oil,CCCCCCCCCCCCCCCC(O)=O,11.7
87,40,olive oil,CCCCCC\C=C/CCCCCCCC(O)=O,0.9
88,40,olive oil,CCCCCCCCCCCCCCCCCC(O)=O,3.0
89,40,olive oil,CCCCCCCC/C=C\CCCCCCCC(=O)O,74.9
90,40,olive oil,OC(CCCCCCC/C=C\C/C=C\CCCCC)=O,8.2
91,40,olive oil,CC/C=C\C/C=C\C/C=C\CCCCCCCC(O)=O,0.6
92,40,olive oil,CCCCCCCCCCCCCCCCCCCC(O)=O,0.4
93,40,olive oil,CCCCCCCC/C=C\CCCCCCCCCC(=O)O,0.2
94,40,olive oil,CCCCCCCCCCCCCCCCCCCCCC(=O)O,0.1
95,41,gelatin,C([C@@H](C(=O)O)N)C(=O)N,7.46
96,41,gelatin,C[C@H]([C@@H](C(=O)O)N)O,2.11
97,41,gelatin,C(C(C(=O)O)N)O,3.62
98,41,gelatin,C(CC(=O)O)[C@@H](C(=O)O)N,11.28
99,41,gelatin,C1C[C@H](NC1)C(=O)O,12.52
100,41,gelatin,C(C(=O)O)N,32.63
101,41,gelatin,C1=CC=C(C=C1)C[C@@H](C(=O)O)N,10.88
102,41,gelatin,CC(C)[C@@H](C(=O)O)N,2.18
103,41,gelatin,CSCC[C@@H](C(=O)O)N,0.42
104,41,gelatin,CC[C@H](C)[C@@H](C(=O)O)N,1.44
105,41,gelatin,CC(C)C[C@@H](C(=O)O)N,3.0
106,41,gelatin,C1=CC(=CC=C1C[C@@H](C(=O)O)N)O,0.4
107,41,gelatin,C1=CC=C(C=C1)C[C@@H](C(=O)O)N,1.99
108,41,gelatin,CCC(CC1=CC=CC=C1)CNC(=O)C2=CC3=C(C=C2)SC4=CC=CC=C4C(=O)N3,3.46
109,41,gelatin,[NH4+],0.59
110,41,gelatin,C1=C(NC=N1)C[C@@H](C(=O)O)N,0.77
111,41,gelatin,C(C[C@@H](C(=O)O)N)CN=C(N)N,9.9
112,42,Konjak Glucomannan,C([C@@H]1[C@H]([C@@H]([C@@H]([C@@H](O1)O)O)O)O)O,61.5
113,42,Konjak Glucomannan,C([C@@H]1[C@H]([C@@H]([C@H]([C@@H](O1)O)O)O)O)O,38.5
114,43,pectin,[C@@H]1([C@H]([C@H](O[C@@H]([C@@H]1O)O)C(=O)O)O)O,65.0
115,44,trehalose,C([C@@H]1[C@H]([C@@H]([C@H]([C@@H](O1)O)O)O)O)O,100.0
116,48,sodium alginate,[C@@H]1([C@@H]([C@@H](O[C@H]([C@H]1O)O)C(=O)O)O)O,55.0
117,48,sodium alginate,[C@@H]1([C@@H]([C@H](O[C@H]([C@H]1O)O)C(=O)O)O)O,45.0
118,49,canola oil,CCCCCCCCCCCCCCCC(O)=O,4.4
119,49,canola oil,CCCCCC\C=C/CCCCCCCC(O)=O,0.2
120,49,canola oil,CCCCCCCCCCCCCCCCCC(O)=O,1.9
121,49,canola oil,CCCCCCCC/C=C\CCCCCCCC(=O)O,62.1
122,49,canola oil,OC(CCCCCCC/C=C\C/C=C\CCCCC)=O,19.7
123,49,canola oil,CC/C=C\C/C=C\C/C=C\CCCCCCCC(O)=O,9.7
124,49,canola oil,CCCCCCCCCCCCCCCCCCCC(O)=O,0.6
125,49,canola oil,CCCCCCCC/C=C\CCCCCCCCCC(=O)O,1.0
126,49,canola oil,CCCCCCCCCCCCCCCCCCCCCC(=O)O,0.3
127,49,canola oil,CCCCCCCCCCCCCCCCCCCCCCCC(O)=O,0.1
128,52,polyvinyl alcohol,C=CO,100.0
129,57,methanol,CO,100.0
130,60,limonene,CC1=CC[C@@H](CC1)C(=C)C,100.0
131,67,span 80,CCCCCCCC/C=C\CCCCCCCC(=O)OC[C@H]([C@@H]1[C@@H]([C@H](CO1)O)O)O,100.0
132,76,sunflower oil,CCCCCCCCCCCCCCCC(O)=O,4.9
133,76,sunflower oil,CCCCCC\C=C/CCCCCCCC(O)=O,0.1
134,76,sunflower oil,CCCCCCCCCCCCCCCCCC(O)=O,3.1
135,76,sunflower oil,CCCCCCCC/C=C\CCCCCCCC(=O)O,58.0
136,76,sunflower oil,OC(CCCCCCC/C=C\C/C=C\CCCCC)=O,32.1
137,76,sunflower oil,CC/C=C\C/C=C\C/C=C\CCCCCCCC(O)=O,0.2
138,76,sunflower oil,CCCCCCCCCCCCCCCCCCCC(O)=O,0.3
139,76,sunflower oil,CCCCCCCC/C=C\CCCCCCCCCC(=O)O,0.2
140,76,sunflower oil,CCCCCCCCCCCCCCCCCCCCCC(=O)O,0.8
141,76,sunflower oil,CCCCCCCCCCCCCCCCCCCCCCCC(O)=O,0.3
142,77,carboxy-methyl cellulose,C([C@@H]1[C@H]([C@@H]([C@H]([C@@H](O1)O)O)O)O)O,100.0
143,77,carboxy-methyl cellulose,C([C@@H]1[C@H]([C@@H]([C@H]([C@@H](O1)O)O)O)O)O,100.0
144,80,beeswax,CCCCCCCCCCCCCCCC(=O)OCCCCCCCCCCCCCCCCCCCCCCCCCCCCCC,23.0
145,80,beeswax,CCCCCCCCCCCCCCCCCCCCCCCCCC(=O)O,5.0
146,80,beeswax,CCCCCCCCCCCCCCCCCCCCCCCCCCC,4.0
147,80,beeswax,CCCCCCCCCCCCCCCCCCCCCCCCCCCCC,3.5
148,80,beeswax,CCCCCCCCCCCCCCCCCCCCCCCCCCCCCCC,2.5
149,80,beeswax,CCCCCCCCCCCCCCCCCCCCCCCCC,1.5
150,80,beeswax,CCCCCCCCCCCCCCCCCCCCCCC,0.5
151,80,beeswax,CCCCCCCCCCCCCCCCCCCCCCCC(=O)O,1.5
152,80,beeswax,CCCCCCCCCCCCCCCCCCCCCCCCCCCC(=O)O,2.5
153,80,beeswax,CCCCCCCCCCCCCCCCCCCCCCCCCCCCCC(=O)O,1.5
154,80,beeswax,CCCCCCCCCCCCCCCCCCCCCCCCCCCCCCCO,1.0
155,80,beeswax,CCCCCCCCCCCCCCCC(=O)OCCCCCCCCCCCCCCCCCCCCCCCCCCCC,6.0
156,80,beeswax,CCCCCCCCCCCCCCCC(=O)OCCCCCCCCCCCCCCCCCCCCCCCCCC,5.0
157,80,beeswax,CCCCCCCCCCCCCCCC(=O)OCCCCCCCCCCCCCCCCCCCCCCCC,4.0
158,80,beeswax,CC(O)CCCCCCCCCCCCC(=O)O,1.0
159,80,beeswax,CCCCCCCCCCCCCCCCCCCCC,0.2
160,80,beeswax,CCCCCCCCCCCCCCCC(=O)O,1.0
161,80,beeswax,CCCCCCCCCCCCCCCCCCCCCCCCCC(=O)O,2.0
162,82,curcumin,COC1=C(C=CC(=C1)/C=C/C(=O)CC(=O)/C=C/C2=CC(=C(C=C2)O)OC)O,100.0
163,83,catechin,C1[C@H]([C@H](OC2=CC(=CC(=C21)O)O)C3=CC(=C(C(=C3)O)O)O)OC(=O)C4=CC(=C(C(=C4)O)O)O,100.0
164,85,gallic acid,C1=C(C=C(C(=C1O)O)O)C(=O)O,100.0
165,86,chlorogenic acid,C1[C@H]([C@H]([C@@H](C[C@@]1(C(=O)O)O)OC(=O)/C=C/C2=CC(=C(C=C2)O)O)O)O,100.0
166,93,clove essential oil,COC1=C(C=CC(=C1)CC=C)O,87.0
167,93,clove essential oil,CC(=O)OC1=C(C=CC(=C1)CC=C)OC,8.01
168,93,clove essential oil,C[C@]1(CC[C@H]2C(=C)CC[C@@H]1C2)C,3.56
169,95,chlorogenic acid,C1[C@H]([C@H]([C@@H](C[C@@]1(C(=O)O)O)OC(=O)/C=C/C2=CC(=C(C=C2)O)O)O)O,100.0
170,96,ascorbic acid,C([C@@H]([C@@H]1[C@H](C(=O)C(=O)O1)O)O)O,100.0
171,97,hydrogen peroxide,OO,100.0
172,98,β-cyclodextrin,C([C@@H]1[C@@H]2[C@@H]([C@H]([C@H](O1)O[C@@H]3[C@H](O[C@@H]([C@@H]([C@H]3O)O)O[C@@H]4[C@H](O[C@@H]([C@@H]([C@H]4O)O)O[C@@H]5[C@H](O[C@@H]([C@@H]([C@H]5O)O)O[C@@H]6[C@H](O[C@@H]([C@@H]([C@H]6O)O)O[C@@H]7[C@H](O[C@@H]([C@@H]([C@H]7O)O)O[C@@H]8[C@H](O[C@H](O2)[C@@H]([C@H]8O)O)CO)CO)CO)CO)CO)CO)O)O)O,100.0
173,98,β-cyclodextrin,C([C@@H]1[C@@H]2[C@@H]([C@H]([C@H](O1)O[C@@H]3[C@H](O[C@@H]([C@@H]([C@H]3O)O)O[C@@H]4[C@H](O[C@@H]([C@@H]([C@H]4O)O)O[C@@H]5[C@H](O[C@@H]([C@@H]([C@H]5O)O)O[C@@H]6[C@H](O[C@@H]([C@@H]([C@H]6O)O)O[C@@H]7[C@H](O[C@@H]([C@@H]([C@H]7O)O)O[C@@H]8[C@H](O[C@H](O2)[C@@H]([C@H]8O)O)CO)CO)CO)CO)CO)CO)O)O)O,100.0
174,107,eugenol,COC1=C(C=CC(=C1)CC=C)O,100.0
175,108,sodium tripolyphosphate,[O-]P(=O)([O-])OP(=O)([O-])OP(=O)([O-])[O-].[Na+].[Na+].[Na+].[Na+].[Na+],100.0
176,121,rosemary essential oil,CC1(C2CCC(O1)(CC2)C)C,36.73
177,121,rosemary essential oil,CC1(C2CCC1(C(=O)C2)C)C,16.83
178,121,rosemary essential oil,CC1=C[C@H]2C[C@@H](C1)C2(C)C,12.52
179,121,rosemary essential oil,CC1(C2CCC1(C(C2)O)C)C,8.02
180,121,rosemary essential oil,CC1=CC(=O)[C@@H]2C[C@H]1C2(C)C,4.67
181,121,rosemary essential oil,CC1(C2CCC(C2)C1=C)C,4.11
182,121,rosemary essential oil,CC1=CC=C(C=C1)C(C)C,3.95
183,121,rosemary essential oil,CC1=CC[C@@H](CC1)C(=C)C,3.31
184,122,stearic acid,CCCCCCCCCCCCCCCCCC(=O)O,100.0
185,123,lecithin,CCCCC/C=C\C/C=C\CCCCCCCC(=O)OCC(OC(=O)CCCCCCC/C=C\C/C=C\CCCCC)COC(=O)CCCCCCC/C=C\C/C=C\CCCCC,33.4
186,123,lecithin,CCCCC/C=C\C/C=C\CCCCCCCC(=O)OC[C@H](COP(=O)([O-])OC1C(O)C(O)C(O)C(O)C1O)OC(=O)CCCCCCC/C=C\C/C=C\CCCCC,16.5
187,123,lecithin,CCCCC/C=C\C/C=C\CCCCCCCC(=O)OC[C@H](COP(=O)([O-])OCC[N+](C)(C)C)OC(=O)CCCCCCC/C=C\C/C=C\CCCCC,16.2
188,123,lecithin,CCCCC/C=C\C/C=C\CCCCCCCC(=O)OC[C@H](COP(=O)([O-])OCC[NH3+])OC(=O)CCCCCCC/C=C\C/C=C\CCCCC,5.3
189,124,palmitic acid,CCCCCCCCCCCCCCCC(O)=O,100.0
190,125,oleic acid,CCCCCCCC/C=C\CCCCCCCC(=O)O,100.0
191,126,linoleic acid,OC(CCCCCCC/C=C\C/C=C\CCCCC)=O,100.0
192,134,grapefruit essential oil,CC1=CCC(CC1)C(=C)C,93.33
193,134,grapefruit essential oil,CC(=CCCC(=C)C=C)C,2.16
194,134,grapefruit essential oil,CC1=C[C@H]2C[C@@H](C1)C2(C)C,0.76
195,134,grapefruit essential oil,CC(C)C12CCC(=C)C1C2,0.6
196,142,calcium propionate,CCC(=O)[O-].CCC(=O)[O-].[Ca+2],100.0
197,144,water,O,100.0
198,146,wine lees extract (WLE),C1=C(C=C(C(=C1O)O)O)C(=O)O,4.9
199,146,wine lees extract (WLE),C1=CC(=C(C=C1/C=C/C(=O)O)O)O,2.56
200,146,wine lees extract (WLE),C1=C(C=C(C(=C1O)O)O)C2=C(C(=O)C3=C(C=C(C=C3O2)O)O)O,2.332
201,146,wine lees extract (WLE),C1=CC(=C(C=C1C2=C(C(=O)C3=C(C=C(C=C3O2)O)O)O)O)O,2.117
202,146,wine lees extract (WLE),COC1=CC(=CC(=C1O)OC)C(=O)O,2.032
203,146,wine lees extract (WLE),C1=CC(=CC=C1/C=C/C(=O)O)O[C@H]2[C@@H]([C@H]([C@@H]([C@H](O2)CO)O)O)O,1.9
204,146,wine lees extract (WLE),C1[C@@H]([C@H](OC2=CC(=CC(=C21)O)O)C3=CC(=C(C=C3)O)O)O,1.804
205,146,wine lees extract (WLE),C1=CC(=CC=C1/C=C/C2=CC(=CC(=C2)O)O)O,0.069
206,146,wine lees extract (WLE),C1=CC(=CC=C1C2=C(C(=O)C3=C(C=C(C=C3O2)O)O)O)O,0.49
207,146,wine lees extract (WLE),C[C@H]1[C@@H]([C@H]([C@H]([C@@H](O1)OC[C@@H]2[C@H]([C@@H]([C@H]([C@@H](O2)OC3=C(OC4=CC(=CC(=C4C3=O)O)O)C5=CC(=C(C=C5)O)O)O)O)O)O)O)O,0.177
208,146,wine lees extract (WLE),COC1=C(C=CC(=C1)/C=C/C(=O)O)O,0.152
209,146,wine lees extract (WLE),C1=CC=C(C(=C1)C(=O)O)O,0.113
210,147,xanthan gum,C([C@@H]1[C@H]([C@@H]([C@H]([C@@H](O1)O)O)O)O)O,40.0
211,147,xanthan gum,C([C@@H]1[C@H]([C@@H]([C@@H]([C@@H](O1)O)O)O)O)O,40.0
212,147,xanthan gum,[C@@H]1([C@@H]([C@H](O[C@H]([C@@H]1O)O)C(=O)O)O)O,20.0
213,148,sodium nitroprusside (SNP),[C-]#N.[C-]#N.[C-]#N.[C-]#N.[C-]#N.N#[O+].[Na+].[Na+].[Fe+2],100.0
214,149,mentha piperita L. essential oil,C[C@H]1CC[C@H]([C@H](C1)O)C(C)C,46.32
215,149,mentha piperita L. essential oil,CC1=C(OC2=C1C[C@H](C2)C(C)C)C,13.18
216,149,mentha piperita L. essential oil,CC(C)[C@H]1CC[C@H]([C@@H](C1)OC(=O)C)C,12.1
217,149,mentha piperita L. essential oil,C[C@@H]1CC[C@@H](C(=O)C1)C(C)C,7.42
218,149,mentha piperita L. essential oil,CC12CCC(CC1)C(C)(C)O2,6.06
219,150,glyceryl palmitostearate,CCCCCCCCCCCCCCCCCC(=O)O.CCCCCCCCCCCCCCCC(=O)O.C(C(CO)O)O,100.0
220,151,polysorbate 80,CCCCCCCC/C=C/CCCCCCCC(=O)OCCOCC(C1C(CC(O1)OCCO)OCCO)OCCO,100.0
221,152,zinc oxide nanoparticles,[O-2].[Zn+2],100.0
222,154,pomegranate seed oil,CCCC/C=C\C=C\C=C/CCCCCCCC(=O)O,68.12
223,154,pomegranate seed oil,OC(CCCCCCC/C=C\C/C=C\CCCCC)=O,6.71
224,154,pomegranate seed oil,CCCCCCCCCCCCCCCC(O)=O,5.55
225,154,pomegranate seed oil,CCCCCCCCCCCCCCCCCC(O)=O,3.86
226,154,pomegranate seed oil,CCCCCCCC/C=C\CCCCCCCC(=O)O,8.51
227,154,pomegranate seed oil,CCCCCCCCCCCCCCCCCCCC(O)=O,0.83
228,154,pomegranate seed oil,CCCCCCCC/C=C\CCCCCCCCCC(=O)O,0.95
229,154,pomegranate seed oil,CCCCCCCCCCCCCCCCCCCCCC(=O)O,0.35
230,157,mandarin essential oil,CC1=CC[C@@H](CC1)C(=C)C,74.7
231,157,mandarin essential oil,CC(C)C1=CCC(C)=CC1,15.7
232,159,carnauba wax,CCCCCCCCCCCCCCCCCCCCCCCCCCOC(=O)CCCCCCCCCCCCCCCCCCCCCCCCC,40.0
233,159,carnauba wax,C1=CC(=CC=C1C=CC(=O)O)O,21.0
234,159,carnauba wax,CCCCCCCCCCCCCCCCCCCCCCCCCCO,12.0
235,160,ammonia,N,100.0
236,164,chlorine,ClCl,100.0
237,169,chitosan,C([C@@H]1[C@H]([C@@H]([C@H]([C@@H](O1)O)N)O)O)O,100.0
238,170,carboxymethyl cellulose,C([C@@H]1[C@H]([C@@H]([C@H]([C@@H](O1)O)O)O)O)O,100.0
239,173,gum arabic,C([C@@H]1[C@@H]([C@@H]([C@H]([C@@H](O1)O)O)O)O)O,40.0
240,173,gum arabic,C([C@H]1[C@@H]([C@H]([C@H](O1)O)O)O)O,30.0
241,173,gum arabic,C[C@H]1[C@@H]([C@H]([C@H]([C@H](O1)O)O)O)O,10.0
242,173,gum arabic,[C@@H]1([C@@H]([C@H](O[C@H]([C@@H]1O)O)C(=O)O)O)O,10.0
243,173,gum arabic,CO[C@H]1[C@@H]([C@H]([C@@H](O[C@@H]1C(=O)O)O)O)O,1.5
244,174,carrageenan,C([C@@H]1[C@@H]([C@@H]([C@H]([C@@H](O1)O)O)O)O)O,50.0
245,174,carrageenan,C1[C@@H]2[C@@H]([C@H](O1)[C@H]([C@H](O2)O)O)O,50.0
246,175,peach gum,C([C@@H]1[C@@H]([C@@H]([C@H]([C@@H](O1)O)O)O)O)O,42.0
247,175,peach gum,C([C@@H]1[C@H]([C@H]([C@@H](O1)O)O)O)O,36.0
248,175,peach gum,[C@@H]1([C@@H]([C@H](O[C@H]([C@@H]1O)O)C(=O)O)O)O,15.0
249,175,peach gum,C1[C@H]([C@@H]([C@H]([C@@H](O1)O)O)O)O,7.0
250,175,peach gum,C([C@@H]1[C@H]([C@@H]([C@@H]([C@@H](O1)O)O)O)O)O,2.0
251,179,locust bean gum,C([C@@H]1[C@@H]([C@@H]([C@H]([C@H](O1)O)O)O)O)O,20.0
252,179,locust bean gum,C([C@@H]1[C@H]([C@@H]([C@@H]([C@@H](O1)O)O)O)O)O,80.0
253,180,pracaxi nut oil,CCCCCCCCCCCCCC(=O)O,0.34
254,180,pracaxi nut oil,CCCCCCCCCCCCCCCC(O)=O,3.09
255,180,pracaxi nut oil,CCCCCC\C=C/CCCCCCCC(O)=O,0.12
256,180,pracaxi nut oil,CCCCCCCCCCCCCCCCCC(O)=O,5.77
257,180,pracaxi nut oil,CCCCCCCC/C=C\CCCCCCCC(=O)O,48.61
258,180,pracaxi nut oil,OC(CCCCCCC/C=C\C/C=C\CCCCC)=O,11.81
259,180,pracaxi nut oil,CC/C=C\C/C=C\C/C=C\CCCCCCCC(O)=O,0.13
260,180,pracaxi nut oil,CCCCCCCCCCCCCCCCCCCC(O)=O,3.01
261,180,pracaxi nut oil,CCCCCCCCCCCCCCCCCCCCCC(=O)O,14.79
262,180,pracaxi nut oil,CCCCCCCCCCCCCCCCCCCCCCCC(O)=O,10.88
263,181,extra virgin olive oil,CCCCCCCCCCCCCCCC(O)=O,10.7
264,181,extra virgin olive oil,CCCCCC\C=C/CCCCCCCC(O)=O,0.3
265,181,extra virgin olive oil,CCCCCCCCCCCCCCCCCC(O)=O,3.2
266,181,extra virgin olive oil,CCCCCCCC/C=C\CCCCCCCC(=O)O,71.9
267,181,extra virgin olive oil,OC(CCCCCCC/C=C\C/C=C\CCCCC)=O,11.3
268,181,extra virgin olive oil,CC/C=C\C/C=C\C/C=C\CCCCCCCC(O)=O,0.7
269,181,extra virgin olive oil,CCCCCCCCCCCCCCCCCCCC(O)=O,0.6
270,181,extra virgin olive oil,CCCCCCCC/C=C\CCCCCCCCCC(=O)O,0.3
271,181,extra virgin olive oil,CCCCCCCCCCCCCCCCCCCCCC(=O)O,0.2
272,183,hyaluronic acid,[C@@H]1([C@@H]([C@H](O[C@H]([C@@H]1O)O)C(=O)O)O)O,50.0
273,183,hyaluronic acid,CC(=O)N[C@@H]1[C@H]([C@@H]([C@H](OC1O)CO)O)O,50.0
274,185,methyl red,CN(C)c1ccc(cc1)\N=N\c2ccccc2C(O)=O,100.0
275,186,bromothymol blue (BTB),CC1=C(C=C(C(=C1Br)O)C(C)C)C2(C3=CC=CC=C3S(=O)(=O)O2)C4=C(C(=C(C(=C4)C(C)C)O)Br)C,100.0
276,187,tannin acid,C1=C(C=C(C(=C1O)O)O)C(=O)OC2=CC(=CC(=C2O)O)C(=O)OC[C@@H]3[C@H]([C@@H]([C@H]([C@@H](O3)OC(=O)C4=CC(=C(C(=C4)OC(=O)C5=CC(=C(C(=C5)O)O)O)O)O)OC(=O)C6=CC(=C(C(=C6)OC(=O)C7=CC(=C(C(=C7)O)O)O)O)O)OC(=O)C8=CC(=C(C(=C8)OC(=O)C9=CC(=C(C(=C9)O)O)O)O)O)OC(=O)C1=CC(=C(C(=C1)OC(=O)C1=CC(=C(C(=C1)O)O)O)O)O 2,100.0
277,188,silk fibroin,C(C(=O)O)N,42.9
278,188,silk fibroin,C[C@@H](C(=O)O)N,30.0
279,188,silk fibroin,C(C(C(=O)O)N)O,12.2
280,188,silk fibroin,C[C@H]([C@@H](C(=O)O)N)O,4.8
281,188,silk fibroin,CC(C)[C@@H](C(=O)O)N,2.5
282,188,silk fibroin,C([C@@H](C(=O)O)N)C(=O)N,1.9
283,188,silk fibroin,C(CC(=O)O)[C@@H](C(=O)O)N,1.4
284,188,silk fibroin,C[C@H]([C@@H](C(=O)O)N)O,0.92
285,188,silk fibroin,C1=CC=C(C=C1)C[C@@H](C(=O)O)N,0.67
286,188,silk fibroin,CC[C@H](C)[C@@H](C(=O)O)N,0.61
287,188,silk fibroin,CC(C)C[C@@H](C(=O)O)N,0.55
288,188,silk fibroin,C1C[C@H](NC1)C(=O)O,0.45
289,188,silk fibroin,C(C[C@@H](C(=O)O)N)CN=C(N)N,0.51
290,188,silk fibroin,C1=C(NC=N1)C[C@@H](C(=O)O)N,0.19
291,188,silk fibroin,CCC(CC1=CC=CC=C1)CNC(=O)C2=CC3=C(C=C2)SC4=CC=CC=C4C(=O)N3,0.38
292,190,thyme essential oil (TEO),CC1(C)C2C=CC(C(C)C)C12,1.06
293,190,thyme essential oil (TEO),CC1=CCC2CC1C2(C)C,1.07
294,190,thyme essential oil (TEO),CC1(C)C2CCC1(C(=C)C2),0.37
295,190,thyme essential oil (TEO),CC(=CCCC(=C)C=C)C,1.53
296,190,thyme essential oil (TEO),CC1=CCC(C(C)C)=CC1,0.33
297,190,thyme essential oil (TEO),CC12CCC(C1)C(C)(C)C2=C,3.76
298,190,thyme essential oil (TEO),CC1=CC[C@H](CC1)C(=C)C,0.29
299,190,thyme essential oil (TEO),CC1=CCC(=C)CC1C(C)C,0.21
300,190,thyme essential oil (TEO),CC1=CC=C(C=C1)C(C)C,8.41
301,190,thyme essential oil (TEO),CC1=CCC(C(C)C)=CC1,30.9
302,190,thyme essential oil (TEO),CC1=CCC(CC1)C(C)(C)O,0.47
303,190,thyme essential oil (TEO),CC1=CCC(CC1)(C(C)C)O,0.46
304,190,thyme essential oil (TEO),CC1=CC(=C(C=C1)O)C(C)C,47.59
305,190,thyme essential oil (TEO),CC1=CCCC(C)(C2CC2(C)CCC1=C)C,2.68
306,190,thyme essential oil (TEO),CC(=CCCC(=C)C1CCC(C)=CC1)C,0.78
307,194,pullulan,C([C@@H]1[C@H]([C@@H]([C@H]([C@H](O1)OC[C@@H]2[C@H]([C@@H]([C@H]([C@H](O2)O[C@H]([C@@H](CO)O)[C@@H]([C@H](C=O)O)O)O)O)O)O)O)O)O,100.0
308,198,calcium gluconate,C([C@H]([C@H]([C@@H]([C@H](C(=O)[O-])O)O)O)O)O.C([C@H]([C@H]([C@@H]([C@H](C(=O)[O-])O)O)O)O)O.[Ca+2],100.0
309,199,acetic acid,CC(=O)O,100.0
310,200,calcium chloride,[Cl-].[Cl-].[Ca+2],100.0
311,201,lactic acid,CC(C(=O)O)O,100.0
312,202,fructose,C1[C@H]([C@H]([C@@H](C(O1)(CO)O)O)O)O,100.0
313,203,amylose,C([C@@H]1[C@H]([C@@H]([C@H]([C@@H](O1)O)O)O)O)O,100.0
314,203,amylose,C([C@@H]1[C@H]([C@@H]([C@H]([C@@H](O1)O)O)O)O)O,100.0
315,204,Fructose,[C@@H]1([C@@H]([C@H](O[C@H]([C@@H]1O)O)C(=O)O)O)O,100.0
316,205,persian gum,C([C@@H]1[C@@H]([C@@H]([C@H]([C@@H](O1)O)O)O)O)O,40.0
317,205,persian gum,C([C@H]1[C@@H]([C@H]([C@H](O1)O)O)O)O,30.0
318,205,persian gum,C[C@H]1[C@@H]([C@H]([C@H]([C@H](O1)O)O)O)O,10.0
319,205,persian gum,[C@@H]1([C@@H]([C@H](O[C@H]([C@@H]1O)O)C(=O)O)O)O,10.0
320,205,persian gum,CO[C@H]1[C@@H]([C@H]([C@@H](O[C@@H]1C(=O)O)O)O)O,1.5
321,206,tragacanth gum,[C@@H]1([C@H]([C@H](O[C@@H]([C@@H]1O)O)C(=O)O)O)O,50.0
322,206,tragacanth gum,C([C@@H]1[C@@H]([C@@H]([C@H]([C@@H](O1)O)O)O)O)O,25.0
323,206,tragacanth gum,C([C@H]1[C@@H]([C@H]([C@H](O1)O)O)O)O,20.0
324,206,tragacanth gum,C[C@H]1[C@@H]([C@H]([C@H]([C@H](O1)O)O)O)O,6.0
325,206,tragacanth gum,[C@@H]1([C@@H]([C@H](O[C@H]([C@@H]1O)O)C(=O)O)O)O,6.0
326,208,sodium carboxymethyl cellulose,C([C@@H]1[C@H]([C@@H]([C@H]([C@@H](O1)O)O)O)O)O,100.0
327,211,yam bean starch,C([C@@H]1[C@H]([C@@H]([C@H]([C@H](O1)O)O)O)O)O,100.0
328,212,agarwood bouya essential oil,CC(=O)CCC1=CC=CC=C1,1.53
329,212,agarwood bouya essential oil,CC1=CC(=C(C(=C1)C(C)(C)C)O)C(C)(C)C,0.35
330,212,agarwood bouya essential oil,C[C@H]1CC[C@H]2[C@H](C1)CCC(=C)C2(C)C,0.31
331,212,agarwood bouya essential oil,CC1([C@@H]2CCC3(CCC=C[C@]3(C2)O1)C)C,8.02
332,212,agarwood bouya essential oil,CC1([C@@H]2CCC3(CC[C@H](C)[C@]3(C2)O1)C)C,0.4
333,212,agarwood bouya essential oil,CC(=O)CCC1=CC=C(C=C1)OC,0.21
334,212,agarwood bouya essential oil,CC1=CCC[C@]2([C@@]13C[C@H](CC2)C(O3)(C)C)C,0.49
335,212,agarwood bouya essential oil,CC1=C[C@H](C)C[C@]23[C@H]1C(=O)C[C@]2(C)C(O3)(C)C,0.36
336,212,agarwood bouya essential oil,C[C@H]1CC[C@H]2[C@@H](C1)C[C@@]3(C(=C)C)C[C@]2(C)O3,1.27
337,212,agarwood bouya essential oil,[H][C@]1(CC[C@]2(C)CCCC(C)=C2C1)C(C)(C)O,2.44
338,212,agarwood bouya essential oil,C[C@@H]1CCC=C([C@@]12CC[C@H](C2)C(C)(C)O)C,5.64
339,212,agarwood bouya essential oil,C[C@@H]1CC[C@]2(C)C(=C)C[C@@H]1[C@H]2C(C)(C)O,0.54
340,212,agarwood bouya essential oil,C[C@H]1CC=CC2[C@@]1(C[C@@H](CC2)C(C)(C)O)C,5.02
341,212,agarwood bouya essential oil,C[C@@H]1CCC=C2[C@]1(C[C@@H](CC2)C(C)(C)O)C,4.94
342,212,agarwood bouya essential oil,CC1=CCC[C@]2(C)[C@H]1CC[C@@H](C2)C(C)(C)O,2.17
343,212,agarwood bouya essential oil,C[C@H]1CC=C(C)[C@]2(C)[C@H]1CC[C@H](C2)C(C)(C)O,1.65
344,212,agarwood bouya essential oil,C[C@@H]1C=C(CC[C@H]1C(C)C)C2=C(C[C@H](C2)O)C,0.95
345,212,agarwood bouya essential oil,C[C@@H]1CC[C@@H](C2=C(CC[C@H]12)C)C(=O)C=C(C)C,14.43
346,212,agarwood bouya essential oil,C[C@H]1CC[C@H](C(=C)C)C2=C(C[C@@H](C12)C=O)C,2.73
347,212,agarwood bouya essential oil,C[C@@H]1CC[C@@H](CC1=O)C(=C)C,3.25
348,212,agarwood bouya essential oil,C[C@@H]1CC(=O)C=C2[C@]1(C[C@@H](CC2)C(=C)C)C,0.61
349,213,reuterin,C(CO)C=O,100.0
350,214,carotenoprotein,CC1=C(C(CC(C1=O)O)(C)C)/C=C/C(=C/C=C/C(=C/C=C/C=C(\C)/C=C/C=C(\C)/C=C/C2=C(C(=O)C(CC2(C)C)O)C)/C)/C,100.0
351,216,starch,C([C@@H]1[C@H]([C@@H]([C@H]([C@H](O1)O)O)O)O)O,100.0
352,217,sodium hydroxide,[OH-].[Na+],100.0
353,218,tocopheryl acetate,CC1=C(C(=C(C2=C1OC(CC2)(C)CCCC(C)CCCC(C)CCCC(C)C)C)OC(=O)C)C,100.0
354,219,cross linked maize starch,C([C@@H]1[C@H]([C@@H]([C@H]([C@@H](O1)O)O)O)O)O,100.0
355,221,grape seed extract,C1[C@@H]([C@H](OC2=CC(=CC(=C21)O)O)C3=CC(=C(C=C3)O)O)O,2.26
356,221,grape seed extract,C1[C@@H]([C@H](OC2=C1C(=CC(=C2[C@@H]3[C@H]([C@H](OC4=CC(=CC(=C34)O)O)C5=CC(=C(C=C5)O)O)O)O)O)C6=CC(=C(C=C6)O)O)O,1.188
357,221,grape seed extract,C1[C@H]([C@H](OC2=CC(=CC(=C21)O)O)C3=CC(=C(C=C3)O)O)O,1.015
358,221,grape seed extract,C1[C@H]([C@H](OC2=C1C(=CC(=C2[C@@H]3[C@H]([C@H](OC4=CC(=CC(=C34)O)O)C5=CC(=C(C=C5)O)O)O)O)O)C6=CC(=C(C=C6)O)O)O,0.654
359,222,quinoa protein,C([C@@H](C(=O)O)N)C(=O)N,8.7
360,222,quinoa protein,C(CC(=O)O)[C@@H](C(=O)O)N,13.3
361,222,quinoa protein,C(C(C(=O)O)N)O,4.3
362,222,quinoa protein,C(C(=O)O)N,4.6
363,222,quinoa protein,C1=C(NC=N1)C[C@@H](C(=O)O)N,2.9
364,222,quinoa protein,C(C[C@@H](C(=O)O)N)CN=C(N)N,9.0
365,222,quinoa protein,C[C@H]([C@@H](C(=O)O)N)O,3.3
366,222,quinoa protein,C[C@@H](C(=O)O)N,4.0
367,222,quinoa protein,C1C[C@H](NC1)C(=O)O,4.8
368,222,quinoa protein,C1=CC(=CC=C1C[C@@H](C(=O)O)N)O,2.5
369,222,quinoa protein,CC(C)[C@@H](C(=O)O)N,4.6
370,222,quinoa protein,CSCC[C@@H](C(=O)O)N,1.8
371,222,quinoa protein,C([C@@H](C(=O)O)N)S,1.9
372,222,quinoa protein,CC[C@H](C)[C@@H](C(=O)O)N,3.7
373,222,quinoa protein,CC(C)C[C@@H](C(=O)O)N,6.5
374,222,quinoa protein,C1=CC=C(C=C1)C[C@@H](C(=O)O)N,4.1
375,222,quinoa protein,CCC(CC1=CC=CC=C1)CNC(=O)C2=CC3=C(C=C2)SC4=CC=CC=C4C(=O)N3,5.5
376,222,quinoa protein,C1=CC=C2C(=C1)C(=CN2)C[C@@H](C(=O)O)N,1.2
377,226,cinnamon essential oil,C1=CC=C(C=C1)/C=C/C=O,71.5
378,226,cinnamon essential oil,CC(=CCCC(C)(C=C)O)C,7.0
379,226,cinnamon essential oil,COC1=C(C=CC(=C1)CC=C)O,4.6
380,226,cinnamon essential oil,C/C/1=C/CCC(=C)[C@@H]2CC([C@H]2CC1)(C)C,6.4
381,226,cinnamon essential oil,C/C/1=C\CC(/C=C/C/C(=C/CC1)/C)(C)C,1.7
382,226,cinnamon essential oil,CC1(C2CCC(C1)(O2)C)C,5.4
383,226,cinnamon essential oil,CC1=CC[C@H](CC1)C(=C)C,1.2
384,227,ethanol,CCO,100.0
385,228,carboxycellulose nanocrystal,C([C@@H]1[C@H]([C@@H]([C@H]([C@@H](O1)O)O)O)O)O,100.0
386,229,zinic oxide (I),[O-2].[Zn+2],100.0
387,230,zinic oxide (II),[O-2].[Zn+2],100.0
388,231,salicylic acid,C1=CC=C(C(=C1)C(=O)O)O,100.0
389,232,tea polyphenols,C1[C@H]([C@H](OC2=CC(=C(C(=C2)O)O)O)C3=CC(=C(C(=C3C1)O)O)O)OC(=O)C4=CC(=C(C(=C4)O)O)O,38.78
390,232,tea polyphenols,C1[C@H]([C@H](OC2=C(C1)C=C(C(=C2)O)O)O)C3=CC(=C(C(=C3)O)O)O,19.15
391,232,tea polyphenols,CN1C=NC2=C1C(=O)N(C(=O)N2C)C,17.93
392,232,tea polyphenols,Oc1cc(O)c2C[C@@H](OC(=O)c3cc(O)c(O)c(O)c3)[C@H](Oc2c1)c4ccc(O)c(O)c4,10.7
393,232,tea polyphenols,C1[C@H]([C@@H](OC2=C(C1)C=C(C(=C2)O)O)O)C3=CC(=C(C(=C3)O)O)O,6.81
394,232,tea polyphenols,C1[C@H]([C@H](OC2=C(C1)C=C(C(=C2)O)O)O)C3=CC(=C(C=C3)O)O,4.74
395,232,tea polyphenols,C1[C@H]([C@@H](OC2=C(C1)C=C(C(=C2)O)O)O)C3=CC(=C(C=C3)O)O,1.88
396,234,polyethelene glycol (PEG) 800,C(CO)O,100.0
397,236,cold-pressed sesame oil,CCCCCCCCCCCCCC(=O)O,0.1
398,236,cold-pressed sesame oil,CCCCCCCCCCCCCCCC(O)=O,10.4
399,236,cold-pressed sesame oil,CCCCCC\C=C/CCCCCCCC(O)=O,0.2
400,236,cold-pressed sesame oil,CCCCCCCCCCCCCCCCCC(O)=O,5.3
401,236,cold-pressed sesame oil,CCCCCCCC/C=C\CCCCCCCC(=O)O,39.5
402,236,cold-pressed sesame oil,OC(CCCCCCC/C=C\C/C=C\CCCCC)=O,42.9
403,236,cold-pressed sesame oil,CC/C=C\C/C=C\C/C=C\CCCCCCCC(O)=O,0.5
404,236,cold-pressed sesame oil,CCCCCCCCCCCCCCCCCCCC(O)=O,0.5
405,236,cold-pressed sesame oil,CCCCCCCC/C=C\CCCCCCCCCC(=O)O,0.2
406,237,L-Cysteine,C([C@@H](C(=O)O)N)S,100.0
407,238,ethyl alcohol,CCO,100.0
408,242,Green Tea Essential Oil,CC(=CCCC(C)(C=C)O)C,20.07
409,242,Green Tea Essential Oil,CC(=CCCC(=CCO)C)C,20.0
410,242,Green Tea Essential Oil,CC1(C(CC(O1)(C)C=C)O)C,15.5
411,242,Green Tea Essential Oil,C1CCC(=O)CC1,7.06
412,242,Green Tea Essential Oil,COC(=O)C1=CC=CC=C1O,4.39
413,242,Green Tea Essential Oil,CC1(C(CC(O1)(C)C=C)O)C,3.75
414,242,Green Tea Essential Oil,C1=CC=C(C=C1)CCO,1.36
415,242,Green Tea Essential Oil,CC(=CCCC(=CCCC(=CCO)C)C)C,1.39
416,242,Green Tea Essential Oil,CC(=CCCC(=CC=O)C)C,0.95
417,242,Green Tea Essential Oil,C1=CC=C(C=C1)CO,0.89
418,242,Green Tea Essential Oil,CC1(C)CC(C)=CC(=O)C1,0.87
419,242,Green Tea Essential Oil,CC(=CCCC(=C)C=C)C,0.58
420,242,Green Tea Essential Oil,CC1=CCC2C(C1)C(CC=C2C)C(C)C,0.57
421,242,Green Tea Essential Oil,CCCCCCC=O,0.55
422,242,Green Tea Essential Oil,CC1CCCC1=O,0.47
423,242,Green Tea Essential Oil,CC(=CCCC(=CCO)C)C,0.47
424,242,Green Tea Essential Oil,C1=CC=C(C=C1)CC=O,0.33
425,242,Green Tea Essential Oil,CC/C=C\CC1=C(C)C(=O)CC1,0.31
426,244,Potassium hydroxide,[OH-].[K+],100.0
427,245,Carvacrol,CC1=C(C=C(C=C1)C(C)C)O,100.0
428,246,Zein,C[C@H]([C@@H](C(=O)O)N)O,1.8
429,246,Zein,CSCC[C@@H](C(=O)O)N,1.1
430,246,Zein,C1=CC=C(C=C1)C[C@@H](C(=O)O)N,3.4
431,246,Zein,C1=C(NC=N1)C[C@@H](C(=O)O)N,1.1
432,246,Zein,CCC(CC1=CC=CC=C1)CNC(=O)C2=CC3=C(C=C2)SC4=CC=CC=C4C(=O)N3,1.0
433,246,Zein,CC(C)[C@@H](C(=O)O)N,2.1
434,246,Zein,CC[C@H](C)[C@@H](C(=O)O)N,1.7
435,246,Zein,CC(C)C[C@@H](C(=O)O)N,8.8
436,246,Zein,C(C(C(=O)O)N)O,2.9
437,246,Zein,C(C(=O)O)N,1.6
438,246,Zein,C(CC(=O)O)[C@@H](C(=O)O)N,13.1
439,246,Zein,C1C[C@H](NC1)C(=O)O,5.2
440,246,Zein,C([C@@H](C(=O)O)N)S,0.3
441,246,Zein,C[C@@H](C(=O)O)N,4.8
442,246,Zein,C1=CC(=CC=C1C[C@@H](C(=O)O)N)O,2.7
443,246,Zein,C(C[C@@H](C(=O)O)N)CN=C(N)N,1.7
444,248,Natamycin,C[C@@H]1C/C=C/C=C/C=C/C=C/[C@@H](C[C@H]2[C@@H]([C@H](C[C@](O2)(C[C@H](C[C@@H]3[C@H](O3)/C=C/C(=O)O1)O)O)O)C(=O)O)O[C@H]4[C@H]([C@H]([C@@H]([C@H](O4)C)O)N)O,100.0
445,249,Epigallocatechin gallate,C1[C@H]([C@H](OC2=CC(=CC(=C21)O)O)C3=CC(=C(C(=C3)O)O)O)OC(=O)C4=CC(=C(C(=C4)O)O)O,100.0
446,258,Glacial acetic acid,CC(=O)O,100.0
447,260,Lactoferrin,C[C@@H](C(=O)O)N,9.9
448,260,Lactoferrin,C(C[C@@H](C(=O)O)N)CN=C(N)N,5.2
449,260,Lactoferrin,C([C@@H](C(=O)O)N)C(=O)N,4.1
450,260,Lactoferrin,C([C@@H](C(=O)O)N)C(=O)N,5.1
451,260,Lactoferrin,C([C@@H](C(=O)O)N)S,4.9
452,260,Lactoferrin,C(CC(=O)O)[C@@H](C(=O)O)N,5.6
453,260,Lactoferrin,C(C(=O)O)N,7.2
454,260,Lactoferrin,C1=C(NC=N1)C[C@@H](C(=O)O)N,1.4
455,260,Lactoferrin,CC[C@H](C)[C@@H](C(=O)O)N,2.3
456,260,Lactoferrin,CC(C)C[C@@H](C(=O)O)N,10.3
457,260,Lactoferrin,CCC(CC1=CC=CC=C1)CNC(=O)C2=CC3=C(C=C2)SC4=CC=CC=C4C(=O)N3,7.8
458,260,Lactoferrin,CSCC[C@@H](C(=O)O)N,0.7
459,260,Lactoferrin,C1=CC=C(C=C1)C[C@@H](C(=O)O)N,4.0
460,260,Lactoferrin,C1C[C@H](NC1)C(=O)O,4.4
461,260,Lactoferrin,C(C(C(=O)O)N)O,6.5
462,260,Lactoferrin,C[C@H]([C@@H](C(=O)O)N)O,5.1
463,260,Lactoferrin,C1=CC=C2C(=C1)C(=CN2)C[C@@H](C(=O)O)N,1.8
464,260,Lactoferrin,C1=CC(=CC=C1C[C@@H](C(=O)O)N)O,3.0
465,260,Lactoferrin,CC(C)[C@@H](C(=O)O)N,6.6
466,261,Glycidyltrimethylammonium Chloride,C[N+](C)(C)CC1CO1.[Cl-],100.0
467,263,Dihydroxybenzaldehyde,C1=CC(=C(C=C1C=O)O)O,100.0
468,272,Allyl isothiocyanate,C=CCN=C=S,100.0
469,273,Calcium Lactate Gluconate,CC(C(=O)[O-])O.CC(C(=O)[O-])O.CC(C(=O)[O-])O.CC(C(=O)[O-])O.CC(C(=O)[O-])O.CC(C(=O)[O-])O.C([C@H]([C@H]([C@@H]([C@H](C(=O)[O-])O)O)O)O)O.C([C@H]([C@H]([C@@H]([C@H](C(=O)[O-])O)O)O)O)O.C([C@H]([C@H]([C@@H]([C@H](C(=O)[O-])O)O)O)O)O.C([C@H]([C@H]([C@@H]([C@H](C(=O)[O-])O)O)O)O)O.O.O.[Ca+2].[Ca+2].[Ca+2].[Ca+2].[Ca+2],100.0
470,274,vitamin e,CC1=C(C2=C(CC[C@@](O2)(C)CCC[C@H](C)CCC[C@H](C)CCCC(C)C)C(=C1O)C)C,100.0
471,275,acetylation Monoglycerides,CCCCCCCCCCCCCCCCCCOCC(CO)OC(=O)C,100.0
472,276,olive phenolic compounds,C[C@H]1[C@@H]([C@H]([C@H]([C@@H](O1)O[C@@H]2[C@H]([C@@H](O[C@@H]([C@H]2OC(=O)/C=C/C3=CC(=C(C=C3)O)O)CO)OCCC4=CC(=C(C=C4)O)O)O)O)O)O,80.62
473,276,olive phenolic compounds,C1=CC(=C(C=C1CCO)O)O,10.41
474,276,olive phenolic compounds,C[C@H]1[C@@H]([C@H]([C@H]([C@@H](O1)O[C@@H]2[C@H]([C@@H](O[C@@H]([C@H]2OC(=O)/C=C/C3=CC(=C(C=C3)O)O)CO)OCCC4=CC(=C(C=C4)O)O)O)O)O)O,1.68
475,276,olive phenolic compounds,C1=CC(=C(C=C1C2=CC(=O)C3=C(C=C(C=C3O2)O[C@H]4[C@@H]([C@H]([C@@H]([C@H](O4)CO)O)O)O)O)O)O,4.25
476,276,olive phenolic compounds,C[C@H]1[C@@H]([C@H]([C@H]([C@@H](O1)O[C@@H]2[C@H](OC3=C(C=C(C=C3O)O)C(=O)C=C(O2)C4=CC(=C(C=C4)O)O)CO)O)O)O,1.14
477,276,olive phenolic compounds,C1=CC(=CC=C1C2=CC(=O)C3=C(C=C(C=C3O2)OC4[C@@H]([C@H]([C@@H]([C@H](O4)CO)O)O)O)O)O,1.16
478,276,olive phenolic compounds,C1=CC(=CC=C1CCO)O,0.75
479,279,Carboxylated Nanoparticles,C=CC1=CC=CC=C1,100.0
480,282,Carboxymethyl chitosan,C([C@@H]1[C@H]([C@@H]([C@H](C(O1)O)N)O)O)O,100.0
481,283,inulin,C([C@@H]1[C@H]([C@@H]([C@](O1)(CO)O)O)O)O,100.0
482,286,Carrageenan oligosaccharides,C([C@@H]1[C@@H]([C@@H]([C@H]([C@@H](O1)O)O)O)O)O,50.0
483,286,Carrageenan oligosaccharides,C1[C@@H]2[C@@H]([C@H](O1)[C@H]([C@H](O2)O)O)O,50.0
484,287,cellulose,OC[C@H]1O[C@@H](O)[C@H](O)[C@@H](O)[C@@H]1O,100.0
485,294,olive leaf extract,C[C@H]1[C@@H]([C@H]([C@H]([C@@H](O1)O[C@@H]2[C@H]([C@@H](O[C@@H]([C@H]2OC(=O)/C=C/C3=CC(=C(C=C3)O)O)CO)OCCC4=CC(=C(C=C4)O)O)O)O)O)O,80.62
486,294,olive leaf extract,C[C@H]1[C@@H]([C@H]([C@H]([C@@H](O1)O[C@@H]2[C@H]([C@@H](O[C@@H]([C@H]2OC(=O)/C=C/C3=CC(=C(C=C3)O)O)CO)OCCC4=CC(=C(C=C4)O)O)O)O)O)O,80.62
487,294,olive leaf extract,C1=CC(=C(C=C1CCO)O)O,10.41
488,294,olive leaf extract,C1=CC(=C(C=C1CCO)O)O,10.41
489,294,olive leaf extract,C[C@H]1[C@@H]([C@H]([C@H]([C@@H](O1)O[C@@H]2[C@H]([C@@H](O[C@@H]([C@H]2OC(=O)/C=C/C3=CC(=C(C=C3)O)O)CO)OCCC4=CC(=C(C=C4)O)O)O)O)O)O,1.68
490,294,olive leaf extract,C[C@H]1[C@@H]([C@H]([C@H]([C@@H](O1)O[C@@H]2[C@H]([C@@H](O[C@@H]([C@H]2OC(=O)/C=C/C3=CC(=C(C=C3)O)O)CO)OCCC4=CC(=C(C=C4)O)O)O)O)O)O,1.68
491,294,olive leaf extract,C1=CC(=C(C=C1C2=CC(=O)C3=C(C=C(C=C3O2)O[C@H]4[C@@H]([C@H]([C@@H]([C@H](O4)CO)O)O)O)O)O)O,4.25
492,294,olive leaf extract,C1=CC(=C(C=C1C2=CC(=O)C3=C(C=C(C=C3O2)O[C@H]4[C@@H]([C@H]([C@@H]([C@H](O4)CO)O)O)O)O)O)O,4.25
493,294,olive leaf extract,C[C@H]1[C@@H]([C@H]([C@H]([C@@H](O1)O[C@@H]2[C@H](OC3=C(C=C(C=C3O)O)C(=O)C=C(O2)C4=CC(=C(C=C4)O)O)CO)O)O)O,1.14
494,294,olive leaf extract,C[C@H]1[C@@H]([C@H]([C@H]([C@@H](O1)O[C@@H]2[C@H](OC3=C(C=C(C=C3O)O)C(=O)C=C(O2)C4=CC(=C(C=C4)O)O)CO)O)O)O,1.14
495,294,olive leaf extract,C1=CC(=CC=C1C2=CC(=O)C3=C(C=C(C=C3O2)OC4[C@@H]([C@H]([C@@H]([C@H](O4)CO)O)O)O)O)O,1.16
496,294,olive leaf extract,C1=CC(=CC=C1C2=CC(=O)C3=C(C=C(C=C3O2)OC4[C@@H]([C@H]([C@@H]([C@H](O4)CO)O)O)O)O)O,1.16
497,294,olive leaf extract,C1=CC(=CC=C1CCO)O,0.75
498,294,olive leaf extract,C1=CC(=CC=C1CCO)O,0.75
499,296,Pomegranate Peel Extract,C1C(C(OC(=O)C2=CC(=C(C(=C2C3=C(C(=C4C5=C3C(=O)OC6=C(C(=C(C7=C(C(=C(C=C7C(=O)O1)O)O)O)C(=C56)C(=O)O4)O)O)O)O)O)O)O)C8C(OC(=O)C9=CC(=C(C(=C9C1=C(C(=C(C=C1C(=O)O8)O)O)O)O)O)O)C=O)O,7.1928
500,296,Pomegranate Peel Extract,C1=C2C3=C(C(=C1O)O)OC(=O)C4=CC(=C(C(=C43)OC2=O)O)O,3.366
501,296,Pomegranate Peel Extract,C1=C(C=C(C(=C1O)O)O)C(=O)O,2.8314
502,296,Pomegranate Peel Extract,COC1=C(C=CC(=C1)C(=O)O)O,1.4076
503,296,Pomegranate Peel Extract,C1=CC(=C(C=C1C2=CC(=O)C3=C(C=C(C=C3O2)O)O)O)O,1.0242
504,296,Pomegranate Peel Extract,C1=CC(=C(C=C1/C=C/C(=O)O)O)O,0.7866
505,296,Pomegranate Peel Extract,CC(=O)OCC1C(C(C(C(O1)OC2=CC3=C(C=C(C=C3[O+]=C2C4=CC(=C(C(=C4)OC)O)OC)O)O)O)O)O,0.7326
506,296,Pomegranate Peel Extract,C1[C@H]([C@H](OC2=CC(=CC(=C21)O)O)C3=CC(=C(C=C3)O)O)OC(=O)C4=CC(=C(C(=C4)O)O)O,0.6588
507,297,glycerin　 monostearate,CCCCCCCCCCCCCCCCCC(=O)OCC(CO)O,100.0
508,298,glycerol General Merchandise Store,OCC(O)CO,100.0
509,299,stearic acid General Merchandise Store,CCCCCCCCCCCCCCCCCC(=O)O,100.0
510,300,Total Glycerol,OCC(O)CO,100.0
511,301,gluten,C[C@@H](C(=O)O)N,2.9
512,301,gluten,C(C[C@@H](C(=O)O)N)CN=C(N)N,4.3
513,301,gluten,C([C@@H](C(=O)O)N)C(=O)N,4.4
514,301,gluten,C([C@@H](C(=O)O)N)S,2.0
515,301,gluten,C(CC(=O)O)[C@@H](C(=O)O)N,36.5
516,301,gluten,C(C(=O)O)N,3.6
517,301,gluten,C1=C(NC=N1)C[C@@H](C(=O)O)N,2.1
518,301,gluten,CC[C@H](C)[C@@H](C(=O)O)N,3.7
519,301,gluten,CC(C)C[C@@H](C(=O)O)N,6.7
520,301,gluten,CCC(CC1=CC=CC=C1)CNC(=O)C2=CC3=C(C=C2)SC4=CC=CC=C4C(=O)N3,1.9
521,301,gluten,CSCC[C@@H](C(=O)O)N,1.4
522,301,gluten,C1=CC=C(C=C1)C[C@@H](C(=O)O)N,5.3
523,301,gluten,C1C[C@H](NC1)C(=O)O,12.0
524,301,gluten,C(C(C(=O)O)N)O,5.1
525,301,gluten,C[C@H]([C@@H](C(=O)O)N)O,2.7
526,301,gluten,C1=CC=C2C(=C1)C(=CN2)C[C@@H](C(=O)O)N,0.8
527,301,gluten,C1=CC(=CC=C1C[C@@H](C(=O)O)N)O,3.3
528,301,gluten,CC(C)[C@@H](C(=O)O)N,4.0
529,306,Hydroxypropyl methylcellulose,C([C@@H]1[C@H]([C@@H]([C@H]([C@@H](O1)O)O)O)O)O,100.0
530,307,choline chloride,C[N+](C)(C)CCO.[Cl-],100.0
531,310,Astaxanthin,CC1=C(C(C[C@@H](C1=O)O)(C)C)/C=C/C(=C/C=C/C(=C/C=C/C=C(/C=C/C=C(/C=C/C2=C(C(=O)[C@H](CC2(C)C)O)C)\C)\C)/C)/C,100.0
532,317,Citrus peel extract,C[C@H]1[C@@H]([C@H]([C@H]([C@@H](O1)OC[C@@H]2[C@H]([C@@H]([C@H]([C@@H](O2)OC3=CC(=C4C(=O)C[C@H](OC4=C3)C5=CC(=C(C=C5)OC)O)O)O)O)O)O)O)O,10.0
533,317,Citrus peel extract,COC1=C(C=C(C=C1)C2=CC(=O)C3=C(O2)C(=C(C(=C3OC)OC)OC)OC)OC,9.0
534,317,Citrus peel extract,COC1=CC=C(C=C1)C2=CC(=O)C3=C(O2)C(=C(C(=C3OC)OC)OC)OC,4.66
535,318,Carboxymethyl cellulose sodium salt,C([C@@H]1[C@H]([C@@H]([C@H]([C@@H](O1)O)O)O)O)O,100.0
536,319,Sodium benzoate,C1=CC=C(C=C1)C(=O)[O-].[Na+],100.0
537,328,Tween 60,CCCCCCCCCCCCCCCCCC(=O)OCCOCC(C1C(C(CO1)OCCOC)OCCOC)OCCOC,100.0
538,329,Roselle extract,OC(=O)C1OC(=O)C@H[C@H]1C(O)C(=O)O,18.0
539,329,Roselle extract,OC(=O)CC(O)(CC(=O)O)C(=O)O,15.0
540,329,Roselle extract,OC(=O)CC(O)C(=O)O,5.0
541,329,Roselle extract,OC(=O)C(O)C(O)C(=O)O,2.0
542,329,Roselle extract,C1=C(C=C(C(=C1O)O)O)C2=[O+]C3=CC(=CC(=C3C=C2OC4C(C(C(C(O4)CO)O)OC5C(C(C(O5)O)O)O)O)O)O,1.5
543,329,Roselle extract,C1=CC(=C(C=C1C2=[O+]C3=CC(=CC(=C3C=C2OC4C(C(C(C(O4)CO)O)OC5C(C(C(O5)O)O)O)O)O)O)O)O,0.5
544,329,Roselle extract,OC1=CC2=C(C(O)=C1)C(=O)C(OC3=CC(O)C(O)C(O)O3)=C(C2=O)C4=CC=C(O)C=C4,0.3
545,329,Roselle extract,OC1=CC=C(C=C1)C2=C(O)C(=O)C3=C(O2)C=C(O)C=C3O,0.2
546,329,Roselle extract,OC1=CC(O)=C2C(=O)C(OC3OC(CO)C(O)C(O)C3O)=C(OC2=C1)C4=CC(O)=C(O)C(O)=C4,0.1
547,329,Roselle extract,OC(=O)CCC1=CC(O)=C(O)C=C1,0.2
548,329,Roselle extract,OC(=O)C1=CC(O)=C(O)C=C1,0.15
549,329,Roselle extract,OCC@H[C@@H]1OC(=O)C(O)=C1O,0.1
550,329,Roselle extract,OC[C@H]1OC(O)C@@HC@@H[C@H]1O,4.0
551,329,Roselle extract,OC[C@H]1OC(O)C@@HC@H[C@@H]1O,3.0
552,329,Roselle extract,OCC1OC(O)C(O)C(O)C1O,1.0
553,329,Roselle extract,OC1=CC(O)=C2C(=O)C(O)=C(OC2=C1O)C3=CC(O)=C(O)C=C3,0.1
554,329,Roselle extract,OC1=CC(O)=C2C(=O)C(O)=C(OC2=C1O)C3=CC(O)=C(O)C(O)=C3,0.1
555,329,Roselle extract,OC1=CC=C(C=C1)C=CC(=O)OC2C@HC(O)C@@HC@H[C@H]2C(=O)O,0.05
556,330,Hydroxypropyl trimethyl ammonium chloride chitosan,C([C@@H]1[C@H]([C@@H]([C@H](C(O1)O)N)O)O)O,100.0
557,335,Choline chloride,C[N+](C)(C)CCO.[Cl-],100.0
558,339,Levulinic Acid,CC(=O)CCC(=O)O,100.0
559,340,Allyl isothiocyanate,C=CCN=C=S,100.0
560,342,Candelilla wax,CCCCCCCCCCCCCCCCCCCCCCCCCCCCCCC,49.5
561,342,Candelilla wax,CCCCCCCCCCCCCCCCCCCCCCCCCCCCCCOC(=O)CCCCCCCCCCCCCCC,24.5
562,342,Candelilla wax,CC[C@H](CC[C@@H](C)[C@H]1CC[C@@H]2[C@@]1(CC[C@H]3[C@H]2CC=C4[C@@]3(CC[C@@H](C4)O)C)C)C(C)C,13.0
563,342,Candelilla wax,CCCCCCCCCCCCCCCC(=O)O,7.5
564,343,Hydroxypropyl-β-cyclodextrin complex,C([C@@H]1[C@H]([C@@H]([C@H]([C@@H](O1)O)O)O)O)O,100.0
565,350,polyethylene glycol,C(CO)O,100.0
566,354,Medium Chain Triglycerides,CCCCCCCC(=O)OCC(COC(=O)CCCCCCC)OC(=O)CCCCCCC,100.0
567,357,PSPA,COc1cc(cc(O)c1O)C2=[O+]C3=CC(=CC(=C3C=C2OC4C(C(C(C(O4)CO)O)OC5C(C(C(C(O5)COC(=O)C=Cc6cc(OC)c(O)cc6)O)O)OC(=O)C=Cc7cc(O)c(O)cc7)O)OC8C(C(C(C(O8)CO)O)O)O)O,28.3
568,357,PSPA,COc1cc(cc(O)c1O)C2=[O+]C3=CC(=CC(=C3C=C2OC4C(C(C(C(O4)CO)O)OC5C(C(C(C(O5)COC(=O)C=Cc6cc(O)c(O)cc6)O)O)O)O)OC7C(C(C(C(O7)CO)O)O)O)O,18.4
569,357,PSPA,COc1cc(cc(O)c1O)C2=[O+]C3=CC(=CC(=C3C=C2OC4C(C(C(C(O4)CO)O)OC5C(C(C(C(O5)COC(=O)C=Cc6cc(O)c(O)cc6)O)O)OC(=O)C=Cc7cc(O)cc(O)c7)O)OC8C(C(C(C(O8)CO)O)O)O)O,12.3
570,357,PSPA,Oc1cc(cc(O)c1O)C2=[O+]C3=CC(=CC(=C3C=C2OC4C(C(C(C(O4)CO)O)OC5C(C(C(C(O5)COC(=O)C=Cc6cc(O)c(O)cc6)O)O)OC(=O)C=Cc7cc(O)cc(O)c7)O)OC8C(C(C(C(O8)CO)O)O)O)O,10.5
571,357,PSPA,COc1cc(cc(O)c1O)C2=[O+]C3=CC(=CC(=C3C=C2OC4C(C(C(C(O4)CO)O)OC5C(C(C(C(O5)COC(=O)Cc6ccc(O)cc6)O)O)O)O)OC7C(C(C(C(O7)CO)O)O)O)O,4.8
572,357,PSPA,Oc1cc(cc(O)c1O)C2=[O+]C3=CC(=CC(=C3C=C2OC4C(C(C(C(O4)CO)O)OC5C(C(C(C(O5)COC(=O)C=Cc6cc(OC)c(O)cc6)O)O)OC(=O)C=Cc7cc(O)c(O)cc7)O)OC8C(C(C(C(O8)CO)O)O)O)O,4.5
573,357,PSPA,Oc1cc(cc(O)c1O)C2=[O+]C3=CC(=CC(=C3C=C2OC4C(C(C(C(O4)CO)O)OC5C(C(C(C(O5)COC(=O)C=Cc6cc(O)c(O)cc6)O)O)O)O)OC7C(C(C(C(O7)CO)O)O)O)O,3.2
574,357,PSPA,COc1cc(cc(O)c1O)C2=[O+]C3=CC(=CC(=C3C=C2OC4C(C(C(C(O4)CO)O)OC5C(C(C(C(O5)CO)O)O)O)O)OC6C(C(C(C(O6)CO)O)O)O)O,2.1
575,357,PSPA,Oc1cc(cc(O)c1O)C2=[O+]C3=CC(=CC(=C3C=C2OC4C(C(C(C(O4)CO)O)OC5C(C(C(C(O5)CO)O)O)O)O)OC6C(C(C(C(O6)CO)O)O)O)O,1.8
576,357,PSPA,OC(=O)C1C(O)C(O)C(OC(=O)C=Cc2cc(O)c(O)cc2)C(OC(=O)C=Cc3cc(O)c(O)cc3)C1,1.5
577,357,PSPA,OC(=O)C1C(O)C(O)C(OC(=O)C=Cc2cc(O)c(O)cc2)C(O)C1OC(=O)C=Cc3cc(O)c(O)cc3,1.0
578,357,PSPA,OC(=O)C1C(O)C(OC(=O)C=Cc2cc(O)c(O)cc2)C(O)C(O)C1,2.5
579,357,PSPA,OC(=O)C=Cc1cc(O)c(O)cc1,0.5
580,357,PSPA,COc1cc(C=CC(=O)O)ccc1O,0.3
581,357,PSPA,OC(=O)c1ccc(O)cc1,0.2
582,357,PSPA,OC1(CC(O)C(O)C(O)C1)C(=O)O,1.0
583,357,PSPA,OC(=O)CC(O)C(=O)O,0.8
584,357,PSPA,OC[C@H]1OC(O)C@@HC@@H[C@H]1O,1.5
585,358,AgNPs,[Ag],100.0
586,359,PEG-600,C(CO)O,100.0
587,364,TG enzyme,OC(=O)C[C@H](N)C(=O)O,9.4
588,364,TG enzyme,NCC(=O)O,8.8
589,364,TG enzyme,OC[C@H](N)C(=O)O,8.5
590,364,TG enzyme,CC(C)[C@@H](C(=O)O)N,7.6
591,364,TG enzyme,N=C(N)NCCC[C@H](N)C(=O)O,7.6
592,364,TG enzyme,C[C@@H](C(=O)O)N,6.3
593,364,TG enzyme,Oc1ccc(cc1)C[C@H](N)C(=O)O,6.3
594,364,TG enzyme,CC(C)C[C@@H](C(=O)O)N,6.0
595,364,TG enzyme,NCCCC[C@H](N)C(=O)O,5.7
596,364,TG enzyme,OC(=O)CC[C@H](N)C(=O)O,5.7
597,364,TG enzyme,OC(=O)[C@@H]1CCCN1,5.4
598,364,TG enzyme,NC(=O)C[C@H](N)C(=O)O,5.1
599,364,TG enzyme,C[C@H](O)[C@@H](C(=O)O)N,5.1
600,364,TG enzyme,C1=CC=C2C(=C1)C(=CN2)C[C@@H](C(=O)O)N,3.3
601,364,TG enzyme,c1ccc(cc1)C[C@H](N)C(=O)O,2.7
602,364,TG enzyme,c1c([nH]cn1)C[C@H](N)C(=O)O,2.1
603,364,TG enzyme,CC[C@H](C)[C@@H](C(=O)O)N,1.8
604,364,TG enzyme,CSCC[C@H](N)C(=O)O,1.2
605,364,TG enzyme,NC(=O)CC[C@H](N)C(=O)O,0.9
606,364,TG enzyme,C([C@@H](C(=O)O)N)S,0.3
607,368,ciral,CC(=CCC/C(=C/C=O)/C)C,100.0
608,371,garlic essential oil,C=CCSSCC=C,37.9
609,371,garlic essential oil,C=CCSSSCC=C,28.06
610,371,garlic essential oil,C=CCSSSC,7.26
611,371,garlic essential oil,C=CCSCC=C,6.59
612,371,garlic essential oil,C=CCSSSSCC=C,4.14
613,371,garlic essential oil,C=CCSSC,3.69
614,372,xyloglucan,C([C@@H]1[C@H]([C@@H]([C@H]([C@@H](O1)O)O)O)O)O,50.0
615,372,xyloglucan,C1[C@H]([C@@H]([C@H]([C@@H](O1)O)O)O)O,37.5
616,372,xyloglucan,C([C@@H]1[C@@H]([C@@H]([C@H]([C@@H](O1)O)O)O)O)O,6.0
617,372,xyloglucan,C[C@H]1[C@H]([C@H]([C@@H]([C@@H](O1)O)O)O)O,6.0
618,373,Borassus flabellifer seed coat extract (BFE),C1=CC(=C(C=C1C(=O)O)O)O,0.198
619,373,Borassus flabellifer seed coat extract (BFE),C1=C(C=C(C(=C1O)O)O)C(=O)O,0.06
620,373,Borassus flabellifer seed coat extract (BFE),C1[C@H]([C@H]([C@@H](C[C@@]1(C(=O)O)O)OC(=O)/C=C\C2=CC(=C(C=C2)O)O)O)O,0.035
621,377,chitosan (DD95.2),C([C@@H]1[C@H]([C@@H]([C@H]([C@@H](O1)O)N)O)O)O,100.0
622,378,soy protein isolate,NC(CCC(=O)O)C(=O)O,17.45
623,378,soy protein isolate,NC(CC(=O)O)C(=O)O,10.2
624,378,soy protein isolate,CC(C)CC(N)C(=O)O,7.02
625,378,soy protein isolate,NC(CCCN=C(N)N)C(=O)O,6.78
626,378,soy protein isolate,NCCCCC(N)C(=O)O,5.48
627,378,soy protein isolate,NC(CO)C(=O)O,4.51
628,378,soy protein isolate,NC(CC1=CC=CC=C1)C(=O)O,4.54
629,378,soy protein isolate,C1CC(NC1)C(=O)O,4.45
630,378,soy protein isolate,CC(C)C(N)C(=O)O,4.29
631,378,soy protein isolate,CCC(C)C(N)C(=O)O,4.25
632,378,soy protein isolate,CC(N)C(=O)O,3.65
633,378,soy protein isolate,NCC(=O)O,3.6
634,378,soy protein isolate,NC(CC1=CC=C(O)C=C1)C(=O)O,3.32
635,378,soy protein isolate,CC(O)C(N)C(=O)O,3.14
636,378,soy protein isolate,NC(CC1=CN=CN1)C(=O)O,2.3
637,378,soy protein isolate,CSCCC(N)C(=O)O,1.11
638,378,soy protein isolate,NC(CC1=CNC2=C1C=CC=C2)C(=O)O,1.11
639,378,soy protein isolate,NC(CS)C(=O)O,1.09
640,379,punicalagin,C1=C(C2=C(C(=C1O)O)C(=O)OC3C(C(OC(=O)C4=CC(=C(C(=C4C5=C(C(=O)OC3O2)C(=C(C=C5)O)O)O)O)O)OC(=O)C6=CC(=C(C7=C6C8=C(C(=O)OC9C(C(OC7=O)C(=O)O9)O)C(=C(C=C8)O)O)O)O)O)O,100.0
641,381,Native Konjac Flour,C([C@@H]1[C@H]([C@@H]([C@@H]([C@@H](O1)O)O)O)O)O,61.5
642,381,Native Konjac Flour,C([C@@H]1[C@H]([C@@H]([C@H]([C@@H](O1)O)O)O)O)O,38.5
643,382,Konjac Glucomannan,C([C@@H]1[C@H]([C@@H]([C@@H]([C@@H](O1)O)O)O)O)O,61.5
644,382,Konjac Glucomannan,C([C@@H]1[C@H]([C@@H]([C@H]([C@@H](O1)O)O)O)O)O,38.5
645,386,pea protein,C(CC(=O)O)[C@@H](C(=O)O)N,17.1
646,386,pea protein,C([C@@H](C(=O)O)N)C(=O)N,11.7
647,386,pea protein,C(C[C@@H](C(=O)O)N)CN=C(N)N,8.3
648,386,pea protein,CC(C)C[C@@H](C(=O)O)N,8.1
649,386,pea protein,CCC(CC1=CC=CC=C1)CNC(=O)C2=CC3=C(C=C2)SC4=CC=CC=C4C(=O)N3,7.6
650,386,pea protein,C1=CC=C(C=C1)C[C@@H](C(=O)O)N,5.6
651,386,pea protein,CC(C)[C@@H](C(=O)O)N,5.3
652,386,pea protein,C(C(C(=O)O)N)O,5.2
653,386,pea protein,CC[C@H](C)[C@@H](C(=O)O)N,4.7
654,386,pea protein,C[C@@H](C(=O)O)N,4.3
655,386,pea protein,C1C[C@H](NC1)C(=O)O,4.3
656,386,pea protein,C(C(=O)O)N,4.2
657,386,pea protein,C[C@H]([C@@H](C(=O)O)N)O,3.8
658,386,pea protein,C1=CC(=CC=C1C[C@@H](C(=O)O)N)O,3.7
659,386,pea protein,C1=C(NC=N1)C[C@@H](C(=O)O)N,2.6
660,386,pea protein,C([C@@H](C(=O)O)N)S,1.1
661,386,pea protein,CSCC[C@@H](C(=O)O)N,1.0
662,386,pea protein,C1=CC=C2C(=C1)C(=CN2)C[C@@H](C(=O)O)N,0.9
663,388,rice protein,NC(CCC(=O)O)C(=O)O,17.6
664,388,rice protein,NC(CC(=O)O)C(=O)O,9.17
665,388,rice protein,CC(C)CC(N)C(=O)O,8.24
666,388,rice protein,NC(CCCNC(N)=N)C(=O)O,8.11
667,388,rice protein,CC(C)C(N)C(=O)O,5.84
668,388,rice protein,NC(Cc1ccccc1)C(=O)O,5.41
669,388,rice protein,CC(N)C(=O)O,5.43
670,388,rice protein,NC(Cc1ccc(O)cc1)C(=O)O,5.14
671,388,rice protein,NC(CO)C(=O)O,4.93
672,388,rice protein,C1CC(NC1)C(=O)O,4.62
673,388,rice protein,CCC(C)C(N)C(=O)O,4.33
674,388,rice protein,NCC(=O)O,4.31
675,388,rice protein,NCCCCC(N)C(=O)O,3.82
676,388,rice protein,CC(O)C(N)C(=O)O,3.72
677,388,rice protein,CSCCC(N)C(=O)O,2.42
678,388,rice protein,NC(Cc1c[nH]cn1)C(=O)O,2.31
679,388,rice protein,NC(CS)C(=O)O,2.12
680,388,rice protein,NC(Cc1c[nH]c2ccccc12)C(=O)O,1.21
681,389,casein,OC(=O)CC[C@H](N)C(=O)O,21.7
682,389,casein,OC(=O)[C@@H]1CCCN1,10.6
683,389,casein,CC(C)C[C@@H](C(=O)O)N,9.2
684,389,casein,NCCCC[C@H](N)C(=O)O,7.1
685,389,casein,OC(=O)C[C@H](N)C(=O)O,6.9
686,389,casein,CC(C)[C@@H](C(=O)O)N,6.1
687,389,casein,OC[C@H](N)C(=O)O,5.5
688,389,casein,Oc1ccc(cc1)C[C@H](N)C(=O)O,4.9
689,389,casein,c1ccc(cc1)C[C@H](N)C(=O)O,4.8
690,389,casein,CC[C@H](C)[C@@H](C(=O)O)N,4.5
691,389,casein,C[C@H](O)[C@@H](C(=O)O)N,3.6
692,389,casein,C[C@@H](C(=O)O)N,3.1
693,389,casein,N=C(N)NCCC[C@H](N)C(=O)O,2.9
694,389,casein,c1c([nH]cn1)C[C@H](N)C(=O)O,2.5
695,389,casein,C1=CC=C2C(=C1)C(=CN2)C[C@@H](C(=O)O)N,1.9
696,389,casein,NCC(=O)O,1.8
697,389,casein,CSCC[C@H](N)C(=O)O,1.6
698,389,casein,C([C@@H](C(=O)O)N)S,1.3
699,390,Cress seed (CS) mucilage extraction,C([C@@H]1[C@H]([C@@H]([C@@H](C(O1)O)O)O)O)O,38.9
700,390,Cress seed (CS) mucilage extraction,C1[C@H]([C@@H]([C@@H](C(O1)O)O)O)O,19.4
701,390,Cress seed (CS) mucilage extraction,O=C(O)[C@@H]1O[C@H](O)[C@H](O)[C@@H](O)[C@@H]1O,8.0
702,390,Cress seed (CS) mucilage extraction,C([C@@H]1[C@H]([C@@H](C(O1)(CO)O)O)O)O,6.8
703,390,Cress seed (CS) mucilage extraction,O=C(O)[C@H]1O[C@@H](O)[C@H](O)[C@@H](O)[C@@H]1O,6.7
704,390,Cress seed (CS) mucilage extraction,C([C@@H]1[C@@H]([C@@H]([C@H](C(O1)O)O)O)O)O,4.7
705,390,Cress seed (CS) mucilage extraction,C[C@H]1[C@@H]([C@H]([C@H](C(O1)O)O)O)O,1.9
706,390,Cress seed (CS) mucilage extraction,C([C@@H]1[C@H]([C@@H]([C@H](C(O1)O)O)O)O)O,1.0
707,391,acetylated monoglyceride,CC(=O)OCC(CO)O,100.0
708,392,dl-α-tocopheryl acetate,CC(C)CCC[C@@H](C)CCC[C@@H](C)CCC[C@]1(C)CCc2c(C)c(OC(C)=O)c(C)c(C)c2O1,100.0
709,394,selenium acid,O=[Se](O)O,100.0
710,395,sodium trimetaphosphate,[O-]P1(=O)OP(=O)(OP(=O)(O1)[O-])[O-].[Na+].[Na+].[Na+],100.0
711,396,Jackfruit seed starch,C([C@@H]1[C@H]([C@@H]([C@H]([C@H](O1)O)O)O)O)O,100.0
712,398,pectin(L200),[C@@H]1([C@H]([C@H](O[C@@H]([C@@H]1O)O)C(=O)O)O)O,65.0
713,399,pectin(L201Y),[C@@H]1([C@H]([C@H](O[C@@H]([C@@H]1O)O)C(=O)O)O)O,65.0
714,400,pectin(H183),[C@@H]1([C@H]([C@H](O[C@@H]([C@@H]1O)O)C(=O)O)O)O,65.0
715,401,pectin(H182),[C@@H]1([C@H]([C@H](O[C@@H]([C@@H]1O)O)C(=O)O)O)O,65.0
716,402,curdlan,C([C@@H]1[C@H]([C@@H]([C@H]([C@@H](O1)O)O)O)O)O,100.0
717,403,camelia oil,CCCCCCCC/C=C\CCCCCCCC(=O)O,79.24
718,403,camelia oil,CCCCC/C=C\C/C=C\CCCCCCCC(=O)O,7.21
719,403,camelia oil,CCCCCCCCCCCCCCCC(=O)O,8.35
720,403,camelia oil,CCCCCCCCCCCCCCCCCC(=O)O,2.16
721,403,camelia oil,CC/C=C\C/C=C\C/C=C\CCCCCCCC(=O)O,0.35
722,403,camelia oil,CCCCCCC/C=C\CCCCCCCC(=O)O,0.11
723,403,camelia oil,CCCCCCCCCCCCCCCCCCCC(=O)O,0.15
724,403,camelia oil,CCCCCCCCCC/C=C\CCCCCCCC(=O)O,0.22
725,403,camelia oil,CCCCCCCCCCCCCCCCCCCCCC(=O)O,0.05
726,403,camelia oil,CCCCCCCCCCCCCCCCCCCCCCCC(=O)O,0.03
727,403,camelia oil,CCCCCCCCCCCCCC(=O)O,0.02
728,403,camelia oil,CCCCCCCCCCCCCCCC(=O)O,0.05
729,403,camelia oil,CC1(C)CCCC2(C)C1CCC3(C)C2CCC45C3CC=C(C4)C(C)C5(C)C(C)CCCC(C)C,0.05
730,403,camelia oil,CCC@HC(C)C,0.21
731,403,camelia oil,CC@HC(C)C,0.05
732,403,camelia oil,CCC@HC(C)C,0.02
733,403,camelia oil,CC1=C(C)C2=C(CCC(C)(CCCC(C)CCCC(C)CCCC(C)C)O2)C=C1O,0.04
734,403,camelia oil,CC(C)=CCCC(C)=CCCC(C)=CCCC=C(C)CCC=C(C)CCC=C(C)C,0.05
735,404,mulberry polypheolic extract (MPE),C1=CC(=C(C=C1C=CC(=O)OC2CC(CC(C2O)O)(C(=O)O)O)O)O,35.0
736,404,mulberry polypheolic extract (MPE),CC1OC(OC[C@H]2OC(OC3=C(OC4=CC(O)=CC(O)=C4C3=O)C5=CC=C(O)C(O)=C5)C(O)C(O)C2O)C(O)C(O)C1O,15.0
737,404,mulberry polypheolic extract (MPE),C1=CC(=C(C=C1C2=C(C(=O)C3=C(C=C(C=C3O2)O)O)OC4C(C(C(C(O4)CO)O)O)O)O)O,10.0
738,404,mulberry polypheolic extract (MPE),C1=CC(=CC=C1C2=C(C(=O)C3=C(C=C(C=C3O2)O)O)OC4C(C(C(C(O4)CO)O)O)O)O,5.0
739,404,mulberry polypheolic extract (MPE),C1=CC(=C(C=C1C2=C(C(=O)C3=C(C=C(C=C3O2)O)O)O)O)O,2.0
740,404,mulberry polypheolic extract (MPE),C1=CC(=CC=C1C2=C(C(=O)C3=C(C=C(C=C3O2)O)O)O)O,1.5
741,404,mulberry polypheolic extract (MPE),C1=CC(=C(C=C1C=CC(=O)O)O)O,1.2
742,404,mulberry polypheolic extract (MPE),C1=CC(=CC=C1C=CC(=O)O)O,0.8
743,404,mulberry polypheolic extract (MPE),COC1=C(C=C(C=C1)C=CC(=O)O)O,0.5
744,404,mulberry polypheolic extract (MPE),C1=CC(=C(C=C1C(=O)O)O)O,0.4
745,404,mulberry polypheolic extract (MPE),C1=CC(=C(C(=C1)O)O)C(=O)O,0.3
746,404,mulberry polypheolic extract (MPE),C1C(C(OC2=CC(=CC(=C21)O)O)C3=CC(=C(C=C3)O)O)O,0.2
747,404,mulberry polypheolic extract (MPE),C1C(C(OC2=CC(=CC(=C21)O)O)C3=CC(=C(C=C3)O)O)O,0.2
748,404,mulberry polypheolic extract (MPE),C1=CC(=C(C=C1C=CC(=O)OC2CC(CC(C2O)O)(C(=O)O)O)O)O,0.15
749,404,mulberry polypheolic extract (MPE),C1=CC(=C(C=C1C=CC(=O)OC2CC(CC(C2O)O)(C(=O)O)O)O)O,0.15
750,404,mulberry polypheolic extract (MPE),C1=CC(=C(C=C1C2=C(C(=O)C3=C(C=C(C=C3O2)O)O)O)O)O,0.1
751,404,mulberry polypheolic extract (MPE),COC1=CC(=CC(=C1O)OC)C(=O)O,0.05
752,404,mulberry polypheolic extract (MPE),COC1=CC(=CC=C1O)C(=O)O,0.05
753,405,Guava Leaf Ethanolic Extracts,O[C@@H]1C@@HOC(O[C@H]1O)c2c(oc3cc(O)cc(O)c3c2=O)-c4ccc(O)c(O)c4,14.2
754,405,Guava Leaf Ethanolic Extracts,OCC1OC@@HC@@H[C@@H]1O,12.8
755,405,Guava Leaf Ethanolic Extracts,C[C@H]1OC@@HC@HC@@H[C@H]1O,10.5
756,405,Guava Leaf Ethanolic Extracts,OCC1OC@@HC@HC@@H[C@H]1O,6.4
757,405,Guava Leaf Ethanolic Extracts,OCC1OC@@HC@HC@@H[C@@H]1O,4.2
758,405,Guava Leaf Ethanolic Extracts,Oc1cc(O)c2c(c1)oc(c(O)c2=O)-c3ccc(O)c(O)c3,2.1
759,405,Guava Leaf Ethanolic Extracts,Oc1cc(O)c2c(c1)OC(c3ccc(O)c(O)c3)C(O)C2,1.8
760,405,Guava Leaf Ethanolic Extracts,Oc1cc(O)c2c(c1)OC(c3ccc(O)c(O)c3)C@@HC2,1.5
761,405,Guava Leaf Ethanolic Extracts,OC(=O)c1cc(O)c(O)c(O)c1,2.5
762,405,Guava Leaf Ethanolic Extracts,O=C1Oc2c(O)c(O)cc3c2-c4c1cc(O)c(O)c4C(=O)O3,1.2
763,405,Guava Leaf Ethanolic Extracts,OC(=O)CC(O)C1=CC(O)=C(O)C=C1,0.8
764,405,Guava Leaf Ethanolic Extracts,OC(=O)/C=C/c1ccc(O)c(O)c1,0.4
765,405,Guava Leaf Ethanolic Extracts,OC(=O)/C=C/c1cc(O)c(OC)cc1,0.3
766,405,Guava Leaf Ethanolic Extracts,Oc1cc(O)c2c(c1)oc(c(O)c2=O)-c3cc(O)c(O)c(O)c3,0.2
767,405,Guava Leaf Ethanolic Extracts,Oc1cc(O)c2c(c1)oc(c(O)c2=O)-c3ccc(O)cc3,0.15
768,405,Guava Leaf Ethanolic Extracts,OC(=O)c1cc(O)c(O)cc1,0.35
769,405,Guava Leaf Ethanolic Extracts,CC1OC(OCC2OC(Oc3c(oc4cc(O)cc(O)c4c3=O)-c5ccc(O)c(O)c5)C(O)C(O)C2O)C(O)C(O)C1O,0.5
770,405,Guava Leaf Ethanolic Extracts,Oc1cc(O)c2c(c1)oc(cc2=O)-c3ccc(O)cc3,0.1
771,406,Guava Leaf Water Extracts,O[C@@H]1C@@HOC(O[C@H]1O)c2c(oc3cc(O)cc(O)c3c2=O)-c4ccc(O)c(O)c4,15.6
772,406,Guava Leaf Water Extracts,OCC1OC@@HC@@H[C@@H]1O,13.1
773,406,Guava Leaf Water Extracts,C[C@H]1OC@@HC@HC@@H[C@H]1O,9.8
774,406,Guava Leaf Water Extracts,OCC1OC@@HC@HC@@H[C@H]1O,7.2
775,406,Guava Leaf Water Extracts,OCC1OC@@HC@HC@@H[C@@H]1O,5.1
776,406,Guava Leaf Water Extracts,Oc1cc(O)c2c(c1)oc(c(O)c2=O)-c3ccc(O)c(O)c3,2.5
777,406,Guava Leaf Water Extracts,Oc1cc(O)c2c(c1)OC(c3ccc(O)c(O)c3)C(O)C2,2.1
778,406,Guava Leaf Water Extracts,Oc1cc(O)c2c(c1)OC(c3ccc(O)c(O)c3)C@@HC2,1.9
779,406,Guava Leaf Water Extracts,OC(=O)c1cc(O)c(O)c(O)c1,3.2
780,406,Guava Leaf Water Extracts,O=C1Oc2c(O)c(O)cc3c2-c4c1cc(O)c(O)c4C(=O)O3,1.8
781,406,Guava Leaf Water Extracts,OC(=O)CC(O)C1=CC(O)=C(O)C=C1,1.1
782,406,Guava Leaf Water Extracts,OC(=O)/C=C/c1ccc(O)c(O)c1,0.6
783,406,Guava Leaf Water Extracts,OC(=O)/C=C/c1cc(O)c(OC)cc1,0.4
784,406,Guava Leaf Water Extracts,Oc1cc(O)c2c(c1)oc(c(O)c2=O)-c3cc(O)c(O)c(O)c3,0.3
785,406,Guava Leaf Water Extracts,Oc1cc(O)c2c(c1)oc(c(O)c2=O)-c3ccc(O)cc3,0.2
786,406,Guava Leaf Water Extracts,OC(=O)c1cc(O)c(O)cc1,0.5
787,406,Guava Leaf Water Extracts,CC1OC(OCC2OC(Oc3c(oc4cc(O)cc(O)c4c3=O)-c5ccc(O)c(O)5)C(O)C(O)C2O)C(O)C(O)C1O,0.8
788,406,Guava Leaf Water Extracts,Oc1cc(O)c2c(c1)oc(cc2=O)-c3ccc(O)cc3,0.15
789,407,pomelo peel flour (PPF),[C@@H]1([C@H]([C@H](O[C@@H]([C@@H]1O)O)C(=O)O)O)O,33.0
790,407,pomelo peel flour (PPF),C([C@@H]1[C@H]([C@@H]([C@H]([C@@H](O1)O)O)O)O)O,50.0
791,408,black soybean seed coat extract (BSSCE),C1=CC(=C(C=C1C2=[O+]C3=CC(=CC(=C3C=C2OC4C(C(C(C(O4)CO)O)O)O)O)O)O)O,75.2
792,408,black soybean seed coat extract (BSSCE),C1=C(C=C(C(=C1O)O)O)C2=[O+]C3=CC(=CC(=C3C=C2OC4C(C(C(C(O4)CO)O)O)O)O)O,4.8
793,408,black soybean seed coat extract (BSSCE),COC1=C(C=C(C=C1O)C2=[O+]C3=CC(=CC(=C3C=C2OC4C(C(C(C(O4)CO)O)O)O)O)O)O,1.5
794,408,black soybean seed coat extract (BSSCE),C1C(C(OC2=CC(=CC(=C21)O)O)C3=CC(=C(C=C3)O)O)O,1.2
795,408,black soybean seed coat extract (BSSCE),C1C(C(OC2=CC(=CC(=C21)O)O)C3=CC(=C(C=C3)O)O)O,0.8
796,408,black soybean seed coat extract (BSSCE),CC1(C)OC2CC3(C)C(CC(O)C4C5(C)CCC(OC6OC(CO)C(O)C(O)C6O)C(C)(C)C5CCC34C)C2(C)O1,0.5
797,408,black soybean seed coat extract (BSSCE),CC1(C)OC2CC3(C)C(CC(O)C4C5(C)CCC(OC6OC(CO)C(O)C(O)C6O)C(C)(C)C5CCC34C)C2(C)O1,0.3
798,408,black soybean seed coat extract (BSSCE),C1=CC(=CC=C1C2C(C(=O)C3=C(O2)C=C(O)C=C3O)O)O,0.4
799,408,black soybean seed coat extract (BSSCE),CC1OC(OC[C@H]2OC(OC3=CC(=CC4=C3OC(CC4=O)C5=CC=C(O)C=C5)O)C(O)C(O)C2O)C(O)C(O)C1O,0.2
800,408,black soybean seed coat extract (BSSCE),C1=CC(=CC=C1C2=C(C(=O)C3=C(O2)C=C(O)C=C3O)O)OC4C(C(C(C(O4)CO)O)O)O,0.15
801,408,black soybean seed coat extract (BSSCE),C1=CC(=CC=C1C2=C(C(=O)C3=C(O2)C=C(O)C=C3O)O)OC4C(C(C(C(O4)CO)O)O)O,0.1
802,408,black soybean seed coat extract (BSSCE),C1=CC(=CC=C1C2=C(C(=O)C3=C(O2)C=C(O)C=C3O)O)OC4C(C(C(C(O4)CO)O)O)O,0.05
803,408,black soybean seed coat extract (BSSCE),OC(=O)C1=CC(O)=C(O)C(O)=C1,1.8
804,408,black soybean seed coat extract (BSSCE),OC(=O)C1=CC=C(O)C=C1,0.5
805,408,black soybean seed coat extract (BSSCE),OC(=O)C=CC1=CC(O)=C(O)C=C1,0.4
806,408,black soybean seed coat extract (BSSCE),OC(=O)C=CC1=CC=C(O)C=C1,0.2
807,408,black soybean seed coat extract (BSSCE),OC(=O)C=CC1=CC(OC)=C(O)C=C1,0.1
808,408,black soybean seed coat extract (BSSCE),OC1=CC(O)=C2C(=O)C=C(OC2=C1)C3=CC=C(O)C=C3,0.05
809,409,pomegranate flesh extract (PFE),OC[C@H]1OC(O)C@HC@@H[C@H]1O,38.5
810,409,pomegranate flesh extract (PFE),OC[C@H]1OC(O)C@@HC@@H[C@H]1O,32.4
811,409,pomegranate flesh extract (PFE),OC(=O)CC(O)(CC(=O)O)C(=O)O,8.2
812,409,pomegranate flesh extract (PFE),O=C1OC2C(OC(=O)c3cc(O)c(O)c(O)c3-c4c(O)c(O)cc5c4C(=O)OC6C(OC(=O)c7cc(O)c(O)c(O)c7-c8c(O)c(O)cc1c8)OC(O)C(O)C6O2),6.5
813,409,pomegranate flesh extract (PFE),OC(=O)CC(O)C(=O)O,1.5
814,409,pomegranate flesh extract (PFE),Oc1cc2c(cc1O)OC(c3ccc(O)c(O)c3)C(O)C2,0.8
815,409,pomegranate flesh extract (PFE),Oc1cc(O)c2c(c1)oc(c(O)c2=O)-c3ccc(O)c(O)c3,0.1
816,409,pomegranate flesh extract (PFE),C1=CC(=C(C=C1C2=[O+]C3=CC(=CC(=C3C=C2OC4C(C(C(C(O4)CO)O)O)O)O)O)O)O,0.4
817,409,pomegranate flesh extract (PFE),C1=CC(=C(C=C1C2=[O+]C3=CC(=CC(=C3C=C2OC4C(C(C(C(O4)CO)O)O)OC5C(C(C(C(O5)CO)O)O)O)O)O)O)O,0.3
818,409,pomegranate flesh extract (PFE),C1=CC=C(C=C1C2=[O+]C3=CC(=CC(=C3C=C2OC4C(C(C(C(O4)CO)O)O)O)O)O)O,0.2
819,409,pomegranate flesh extract (PFE),C1=CC=C(C=C1C2=[O+]C3=CC(=CC(=C3C=C2OC4C(C(C(C(O4)CO)O)O)OC5C(C(C(C(O5)CO)O)O)O)O)O)O,0.1
820,409,pomegranate flesh extract (PFE),OC(=O)c1cc(O)c(O)c(O)c1,0.2
821,409,pomegranate flesh extract (PFE),O=C1Oc2c(O)c(O)cc3c2-c4c1cc(O)c(O)c4C(=O)O3,0.5
822,409,pomegranate flesh extract (PFE),C1=CC(=C(C=C1C=CC(=O)OC2CC(CC(C2O)O)(C(=O)O)O)O)O,0.1
823,409,pomegranate flesh extract (PFE),Oc1cc(O)c2c(c1)oc(c(O)c2=O)-c3cc(O)c(O)c(O)c3,0.05
824,409,pomegranate flesh extract (PFE),CC1OC(OC[C@H]2OC(OC3=C(OC4=CC(O)=CC(O)=C4C3=O)C5=CC=C(O)C(O)C5)C(O)C(O)C2O)C(O)C(O)C1O,0.05
825,409,pomegranate flesh extract (PFE),OCC@@HC@@HC@HC@HCO,0.1
826,409,pomegranate flesh extract (PFE),OCC@HC@HC@@HC@@HCO,0.05
827,410,chive root extract (CRE),OC[C@H]1OC(O)C@HC@@H[C@H]1O,32.4
828,410,chive root extract (CRE),OC[C@H]1OC(O)C@@HC@@H[C@H]1O,21.5
829,410,chive root extract (CRE),OC[C@H]1OC@@HC(O)C(O)C(O)CO,12.2
830,410,chive root extract (CRE),CS(=O)CC(N)C(=O)O,2.1
831,410,chive root extract (CRE),C=CCS(=O)CC(N)C(=O)O,0.8
832,410,chive root extract (CRE),CCCS(=O)CC(N)C(=O)O,0.4
833,410,chive root extract (CRE),NC(CCCNC(N)=N)C(=O)O,1.5
834,410,chive root extract (CRE),NC(CCC(=O)O)C(=O)O,1.2
835,410,chive root extract (CRE),NC(CC(N)=O)C(=O)O,0.8
836,410,chive root extract (CRE),C1=CC(=CC=C1C2=C(C(=O)C3=C(O2)C=C(O)C=C3O)O)O,0.15
837,410,chive root extract (CRE),C1=CC(=C(C=C1C2=C(C(=O)C3=C(O2)C=C(O)C=C3O)O)O)O,0.1
838,410,chive root extract (CRE),[K+],2.8
839,410,chive root extract (CRE),[Ca+2],0.4
840,410,chive root extract (CRE),[Mg+2],0.2
841,410,chive root extract (CRE),CC1CCC2(C(C1)C3C(C2)CC4C3(CCC5C4CC(C(C5)C)OC6C(C(C(C(O6)CO)O)O)O)C)O,0.6
842,410,chive root extract (CRE),OCC@H[C@@H]1OC(=O)C(O)=C1O,0.1
843,410,chive root extract (CRE),OC(=O)/C=C/c1ccc(O)cc1,0.05
844,410,chive root extract (CRE),COC1=C(O)C=CC(=C1)/C=C/C(=O)O,0.05
845,411,banana peels extract (BPE),NCCc1ccc(O)c(O)c1,22.4
846,411,banana peels extract (BPE),OC[C@H]1OC(O)C@HC@@H[C@H]1O,18.5
847,411,banana peels extract (BPE),OC[C@H]1OC(O)C@@HC@@H[C@H]1O,15.2
848,411,banana peels extract (BPE),Oc1cc(O)c2c(c1)OC(c3ccc(O)c(O)c3)C(O)C2,4.8
849,411,banana peels extract (BPE),Oc1cc(O)c2c(c1)OC(c3ccc(O)c(O)c3)C@@HC2,3.5
850,411,banana peels extract (BPE),Oc1cc(O)c2c(c1)OC(c3cc(O)c(O)c(O)c3)C(O)C2,2.1
851,411,banana peels extract (BPE),OC(=O)c1cc(O)c(O)c(O)c1,1.8
852,411,banana peels extract (BPE),O=C(O)c1cc(O)c(O)cc1,0.8
853,411,banana peels extract (BPE),OC(=O)c1ccc(O)cc1,0.4
854,411,banana peels extract (BPE),OC(=O)CCC1=CC(O)=C(O)C=C1,0.3
855,411,banana peels extract (BPE),OC(=O)/C=C/c1ccc(O)c(O)c1,0.25
856,411,banana peels extract (BPE),OC(=O)/C=C/c1ccc(O)cc1,0.15
857,411,banana peels extract (BPE),NC@@HC(=O)O,0.1
858,411,banana peels extract (BPE),NC(CC1=CN=CN1)C(=O)O,0.05
859,411,banana peels extract (BPE),[K+],6.5
860,411,banana peels extract (BPE),[Mg+2],1.2
861,411,banana peels extract (BPE),[Ca+2],0.5
862,411,banana peels extract (BPE),OC1=CC=C(C=C1)C=CC(=O)OC2C(O)C(O)C(O)C(O)C2O,0.05
863,412,dihydromyricetin,OC1=CC(O)=C2C(=C1)OC(C@@HC2=O)C3=CC(O)=C(O)C(O)=C3,98.2
864,412,dihydromyricetin,OC1=CC(O)=C2C(=O)C(O)=C(OC2=C1)C3=CC(O)=C(O)C(O)=C3,0.8
865,412,dihydromyricetin,CC1OC(OC2C(O)C(O)C(OC3=CC(O)=CC(=C23)O)C4=CC(O)=C(O)C(O)=C4)C(O)C(O)C1O,0.2
866,412,dihydromyricetin,OC1=CC(O)=C2C(=C1)OC(C@@HC2=O)C3=CC(O)=C(O)C=C3,0.15
867,412,dihydromyricetin,OC1=CC(O)=C2C(=C1)OC(C@@HC2=O)C3=CC=C(O)C=C3,0.05
868,412,dihydromyricetin,OC1=CC(O)=C2C(=O)C(O)=C(OC2=C1)C3=CC(O)=C(O)C=C3,0.12
869,412,dihydromyricetin,OC1=CC(O)=C2C(=O)C(O)=C(OC2=C1)C3=CC=C(O)C=C3,0.08
870,412,dihydromyricetin,OC(=O)C1=CC(O)=C(O)C(O)=C1,0.1
871,412,dihydromyricetin,COC(=O)C1=CC(O)=C(O)C(O)=C1,0.05
872,412,dihydromyricetin,CCOC(=O)C1=CC(O)=C(O)C(O)=C1,0.02
873,412,dihydromyricetin,Oc1cc(O)c2c(c1)OC(c3cc(O)c(O)c(O)c3)C(O)C2,0.05
874,412,dihydromyricetin,Oc1cc(O)c2c(c1)OC(c3cc(O)c(O)c(O)c3)C@@HC2,0.03
875,412,dihydromyricetin,Oc1cc(O)c2c(c1)OC(c3cc(O)c(O)c3)C(O)C2,0.05
876,412,dihydromyricetin,OC1=C2C(=CC(O)=C1)OC(C(O)C2=O)C3=CC(O)=C(O)C(O)=C3,0.02
877,412,dihydromyricetin,OC1=C2C(=CC(O)=C1)OC(C(O)C2=O)C3=CC(O)=C(O)C(O)=C3,0.02
878,412,dihydromyricetin,CC1OC(OC2=CC(=CC3=C2OC(C(O)C3=O)C4=CC(O)=C(O)C=C4)O)C(O)C(O)C1O,0.01
879,412,dihydromyricetin,CC1OC(OC[C@H]2OC(OC3=C(OC4=CC(O)=CC(O)=C4C3=O)C5=CC=C(O)C(O)C5)C(O)C(O)C2O)C(O)C(O)C1O,0.01
880,412,dihydromyricetin,CC1OC(OC[C@H]2OC(OC3=C(OC4=CC(O)=CC(O)=C4C3=O)C5=CC=C(O)C=C5)C(O)C(O)C2O)C(O)C(O)C1O,0.01
881,413,Coffee peel anthocyanin,CC1C(C(C(C(O1)OCC2C(C(C(C(O2)OC3=CC4=C(C=C(C=C4[O+]=C3C5=CC(=C(C=C5)O)O)O)O)O)O)O)O)O)O.[Cl-],50.0
882,415,propolis extract,C1=CC(=C(C=C1/C=C/C(=O)O)O)O,0.085
883,415,propolis extract,C1[C@H](OC2=CC(=CC(=C2C1=O)O)O)C3=CC=CC=C3,0.082
884,415,propolis extract,C1[C@@H]([C@H](OC2=CC(=CC(=C21)O)O)C3=CC(=C(C=C3)O)O)O,0.078
885,415,propolis extract,C1=CC(=C(C=C1C2=C(C(=O)C3=C(C=C(C=C3O2)O)O)O)O)O,0.076
886,415,propolis extract,C1=CC=C(C=C1)C2=CC(=O)C3=C(C=C(C=C3O2)O)O,0.055
887,416,Zataria multiflora Boiss essential oil (ZEO),CC1=CC(=C(C=C1)C(C)C)O,47.46
888,416,Zataria multiflora Boiss essential oil (ZEO),CC1=CC=C(C=C1)C(C)C,13.16
889,416,Zataria multiflora Boiss essential oil (ZEO),CC1=C(C=C(C=C1)C(C)C)O,9.64
890,416,Zataria multiflora Boiss essential oil (ZEO),CC(=CCCC(C)(C=C)O)C,7.92
891,416,Zataria multiflora Boiss essential oil (ZEO),CC1=CCC(=CC1)C(C)C,2.72
892,416,Zataria multiflora Boiss essential oil (ZEO),C/C/1=C\CCC(=C)[C@H]2CC([C@@H]2CC1)(C)C,2.59
893,416,Zataria multiflora Boiss essential oil (ZEO),CC1=C[C@H]2C[C@@H](C1)C2(C)C,1.97
894,416,Zataria multiflora Boiss essential oil (ZEO),C[C@@]12CC[C@@H]3[C@H](CC3(C)C)C(=C)CC[C@H]1O2,1.81
895,416,Zataria multiflora Boiss essential oil (ZEO),CC1=CC(=C(C=C1)C(C)C)OC,1.71
896,416,Zataria multiflora Boiss essential oil (ZEO),CC1=CC=C(CC1)C(C)C,1.11
897,416,Zataria multiflora Boiss essential oil (ZEO),CCCCCC(=O)CC,1.07
898,417,Mentha pulegium essential oil (MEO),C[C@@H]1CCC(=C(C)C)C(=O)C1,40.5
899,417,Mentha pulegium essential oil (MEO),C[C@@H]1CC[C@H](C(=O)C1)C(C)C,35.4
900,417,Mentha pulegium essential oil (MEO),CC1=CC(=O)C(CC1)C(C)C,5.2
901,417,Mentha pulegium essential oil (MEO),CC[C@@H](CC[C@@H](C)[C@H]1CC[C@@H]2[C@@]1(CC[C@H]3[C@H]2CC=C4[C@@]3(CC[C@@H](C4)O)C)C)C(C)C,2.3
902,417,Mentha pulegium essential oil (MEO),COC1=CC=C(C=C1)CC=C,1.9
903,417,Mentha pulegium essential oil (MEO),CCCCCC(=O)CC,1.9
904,417,Mentha pulegium essential oil (MEO),C[C@@H]1CC[C@@]2(CC[C@@]3(C(=CC[C@H]4[C@]3(CC[C@@H]5[C@@]4(CC[C@@H](C5(C)C)O)C)C)[C@@H]2[C@H]1C)C)C,1.2
905,417,Mentha pulegium essential oil (MEO),CC1=C[C@H]2C[C@@H](C1)C2(C)C,0.9
906,417,Mentha pulegium essential oil (MEO),CC1=CCC(CC1)C(C)(C)O,0.9
907,417,Mentha pulegium essential oil (MEO),CC1(C2CCC(=C)C1C2)C,0.8
908,418,calcium carbonate,C(=O)([O-])[O-].[Ca+2],100.0
909,419,glucono-ﾎｴ-lactone (GDL),C([C@@H]1[C@H]([C@@H]([C@H](C(=O)O1)O)O)O)O,100.0
910,420,orange essential oil,CC(=CCCC(C)(C=C)OC(=O)C)C,63.37
911,420,orange essential oil,CC1=CC[C@H](CC1)C(C)(C)O,8.84
912,420,orange essential oil,CC(=CCC/C(=C/COC(=O)C)/C)C,6.02
913,420,orange essential oil,CC(=CCC/C(=C\COC(=O)C)/C)C,3.77
914,420,orange essential oil,CC(=CCC/C(=C/CO)/C)C,3.68
915,420,orange essential oil,CC1(C2CCC(O1)(CC2)C)C,2.7
916,420,orange essential oil,CC(=CC/C=C(/C)\C=C)C,2.39
917,420,orange essential oil,CC(=CCCC(=C)C=C)C,2.32
918,421,Buckwheat starch,C([C@@H]1[C@H]([C@@H]([C@H]([C@H](O1)O)O)O)O)O,100.0
919,422,High methoxyl pectin,[C@@H]1([C@H]([C@H](OC([C@@H]1O)O)C(=O)O)O)O,75.8
920,424,ﾎｹ-carrageenan,C([C@@H]1[C@@H]([C@@H]([C@H]([C@@H](O1)O)O)O)O)O,50.0
921,424,ﾎｹ-carrageenan,S(=O)(=O)(O)O[C@@H](C=O)[C@@H]1[C@@H](O)[C@H](O)CO1,50.0
922,425,ﾎｺ-carrageenan,C([C@@H]1[C@@H]([C@@H]([C@H]([C@@H](O1)O)O)O)O)O,50.0
923,425,ﾎｺ-carrageenan,C1[C@H]([C@@H]([C@H](O1)[C@H](C=O)O)O)O,50.0
924,426,Tomato paste,C([C@@H]1[C@H]([C@@H]([C@](O1)(CO)O)O)O)O,8.0
925,426,Tomato paste,C([C@@H]1[C@H]([C@@H]([C@H]([C@@H](O1)O)O)O)O)O,8.0
926,426,Tomato paste,[C@@H]1([C@H]([C@H](O[C@@H]([C@@H]1O)O)C(=O)O)O)O,3.5
927,426,Tomato paste,C(CC(=O)O)[C@@H](C(=O)O)N,4.2
928,427,chitosan glycerol,C([C@@H]1C([C@@H]([C@H]([C@@H](O1)O)N)O)O[C@H]2[C@@H]([C@H](C([C@H](O2)CO)O[C@@H]3[C@@H]([C@H]([C@@H]([C@](O3)(CO)C(=O)C(CO)O)O)O)N)O)N)O,100.0
929,428,chitosanGO,CC(=CCC/C(=C/CO)/C)C,25.9
930,428,chitosanGO,CC1=CC[C@H](C=C1)[C@H](C)CCC=C(C)C,9.5
931,428,chitosanGO,CC(=CCC/C(=C/C/C=C(\C)/C=C)/C)C,7.6
932,428,chitosanGO,CC(=CCC/C(=C\\C=O)/C)C,7.4
933,428,chitosanGO,CC1=CC=C(C=C1)C(C)CCC=C(C)C,6.6
934,428,chitosanGO,C[C@@H](CCC=C(C)C)[C@H]1CCC(=C)C=C1,5.1
935,429,Pedada flour,C([C@@H]1[C@H]([C@@H]([C@H]([C@@H](O1)O)O)O)O)O,95.0
936,430,delonix regia galactomannan,C([C@@H]1[C@H]([C@@H]([C@@H](C(O1)O)O)O)O)O,79.6
937,430,delonix regia galactomannan,C([C@@H]1[C@@H]([C@@H]([C@H](C(O1)O)O)O)O)O,20.4
938,431,Vanillin,COC1=C(C=CC(=C1)C=O)O,100.0
939,432,gum ghatti,C1[C@@H]([C@@H]([C@H](C(O1)O)O)O)O,48.4
940,432,gum ghatti,C([C@@H]1[C@@H]([C@@H]([C@H](C(O1)O)O)O)O)O,27.3
941,432,gum ghatti,[C@@H]1([C@@H]([C@H](OC([C@@H]1O)O)C(=O)O)O)O,5.8
942,433,carboxymethyl starch,C([C@@H]1[C@H]([C@@H]([C@H]([C@H](O1)O)O)O)O)O,100.0
943,434,ﾎｻ-carrageenan,C([C@@H]1[C@@H]([C@@H]([C@H]([C@@H](O1)O)O)O)O)O,50.0
944,434,ﾎｻ-carrageenan,C1[C@H]([C@@H]([C@H](O1)[C@H](C=O)O)O)O,50.0
945,435,green tea extract (GTE),C([C@@H]1[C@@H]([C@@H]([C@H](C(O1)O)O)O)O)O,44.4
946,435,green tea extract (GTE),C1[C@@H]([C@@H]([C@H](C(O1)O)O)O)O,33.3
947,435,green tea extract (GTE),[C@@H]1([C@@H]([C@H](OC([C@@H]1O)O)C(=O)O)O)O,11.1
948,435,green tea extract (GTE),C[C@H]1[C@@H]([C@H]([C@H](C(O1)O)O)O)O,11.1
949,436,levan,C([C@H]([C@H]([C@@H](C(=O)CO)O)O)O)O,100.0
950,437,SHPI,CCCCC/C=C\C/C=C\CCCCCCCC(=O)O,58.4
951,437,SHPI,CCCCCCCCCCCCCCCC(=O)O,17.1
952,437,SHPI,CCCCCCCC/C=C\\CCCCCCCC(=O)O,10.5
953,437,SHPI,CCCCCCCCCCCCCCCCCC(=O)O,8.7
954,437,SHPI,CC/C=C\\C/C=C\\C/C=C\\CCCCCCCC(=O)O,4.3
955,439,Albizia gum (AZG),C([C@@H]1[C@@H]([C@@H]([C@H](C(O1)O)O)O)O)O,55.0
956,439,Albizia gum (AZG),C1[C@@H]([C@@H]([C@H](C(O1)O)O)O)O,21.0
957,439,Albizia gum (AZG),C[C@H]1[C@@H]([C@H]([C@H]([C@H](O1)O)O)O)O,9.0
958,439,Albizia gum (AZG),C([C@@H]1[C@H]([C@@H]([C@](O1)(CCl)O[C@@H]2[C@@H]([C@H]([C@H]([C@H](O2)C(=O)O)Cl)O)O)O)O)Cl,9.0
959,439,Albizia gum (AZG),C([C@@H]1[C@H]([C@@H]([C@@H]([C@@H](O1)O)O)O)O)O,6.0
960,440,Moringa oleifera purified flavonoids (MOPF),C[C@H]1[C@@H]([C@H]([C@H]([C@@H](O1)OC[C@@H]2[C@H]([C@@H]([C@H]([C@@H](O2)OC3=C(OC4=CC(=CC(=C4C3=O)O)O)C5=CC(=C(C=C5)O)O)O)O)O)O)O)O,0.4
961,440,Moringa oleifera purified flavonoids (MOPF),C1=CC(=C(C=C1C2=C(C(=O)C3=C(C=C(C=C3O2)O)O)O[C@H]4[C@@H]([C@H]([C@@H]([C@H](O4)CO)O)O)O)O)O,0.4
962,440,Moringa oleifera purified flavonoids (MOPF),C1=CC(=CC=C1C2=C(C(=O)C3=C(C=C(C=C3O2)O)O)O[C@H]4[C@@H]([C@H]([C@@H]([C@H](O4)CO)O)O)O)O,0.4
963,441,anthocyanin,C1=CC=C(C=C1)C2=[O+]C3=CC=CC=C3C=C2,100.0
964,443,passion fruit peel,CC(=O)O,53.0
965,443,passion fruit peel,C1=CC=C(C=C1)CO,25.0
966,444,Rutin,C[C@H]1[C@@H]([C@H]([C@H]([C@@H](O1)OC[C@@H]2[C@H]([C@@H]([C@H]([C@@H](O2)OC3=C(OC4=CC(=CC(=C4C3=O)O)O)C5=CC(=C(C=C5)O)O)O)O)O)O)O)O,100.0
967,445,free rutin (FR),C[C@H]1[C@@H]([C@H]([C@H]([C@@H](O1)OC[C@@H]2[C@H]([C@@H]([C@H]([C@@H](O2)OC3=C(OC4=CC(=CC(=C4C3=O)O)O)C5=CC(=C(C=C5)O)O)O)O)O)O)O)O,100.0
968,446,Fenugreek seed mucilage (FSM),C([C@@H]1[C@H]([C@@H]([C@H](C(O1)O)O)O)O)O,50.0
969,446,Fenugreek seed mucilage (FSM),C1[C@H]([C@@H]([C@H](C(O1)O)O)O)O,11.1
970,446,Fenugreek seed mucilage (FSM),C[C@H]1[C@@H]([C@H]([C@H](C(O1)O)O)O)O,9.4
971,447,Citrus flavonoids(CF),C[C@H]1[C@@H]([C@H]([C@H]([C@@H](O1)OC[C@@H]2[C@H]([C@@H]([C@H]([C@@H](O2)OC3=CC(=C4C(=O)C[C@H](OC4=C3)C5=CC(=C(C=C5)OC)O)O)O)O)O)O)O)O,1.4888
972,447,Citrus flavonoids(CF),COC1=C(C=C(C=C1)C2=CC(=O)C3=C(C(=C(C=C3O2)OC)OC)OC)OC,0.1882
973,447,Citrus flavonoids(CF),COC1=C(C=C(C=C1)C2=CC(=O)C3=C(O2)C(=C(C(=C3OC)OC)OC)OC)OC,0.1506
974,447,Citrus flavonoids(CF),C[C@H]1[C@@H]([C@H]([C@H]([C@@H](O1)OC[C@@H]2[C@H]([C@@H]([C@H]([C@@H](O2)OC3=CC(=C4C(=O)C[C@H](OC4=C3)C5=CC=C(C=C5)OC)O)O)O)O)O)O)O,0.0984
975,447,Citrus flavonoids(CF),C[C@H]1[C@@H]([C@H]([C@H]([C@@H](O1)OC[C@@H]2[C@H]([C@@H]([C@H]([C@@H](O2)OC3=CC(=C4C(=O)C[C@H](OC4=C3)C5=CC=C(C=C5)O)O)O)O)O)O)O)O,0.0552
976,447,Citrus flavonoids(CF),CC(=CCC1=C2C(=C(C=C1O)O)C(=O)C[C@H](O2)C3=CC=C(C=C3)O)C,0.02
977,448,Essential oils (EOs),CC(=CCC/C(=C/C=O)/C)C,20.98
978,448,Essential oils (EOs),CC(=CCC/C(=C\C=O)/C)C,16.46
979,448,Essential oils (EOs),CC1=C[C@H]2C[C@@H](C1)C2(C)C,16.24
980,448,Essential oils (EOs),CC(=CCC/C(=C/COC(=O)C)/C)C,10.75
981,448,Essential oils (EOs),CC(=CCC/C(=C/C(=O)OC)/C)C,7.46
982,448,Essential oils (EOs),CC(=CCCC(C)(C=C)O)C,7.45
983,448,Essential oils (EOs),CC(=CCC/C(=C/CO)/C)C,1.87
984,448,Essential oils (EOs),CC(=CCCC(=C)C=C)C,1.77
985,448,Essential oils (EOs),CC1=CC[C@@H](C1(C)C)CC=O,1.71
986,448,Essential oils (EOs),CC(C)C1CCC(=C)C=C1,1.09
987,448,Essential oils (EOs),CC1=CC=C(CC1)C(C)C,1.09
988,448,Essential oils (EOs),CC(=CCCC(C)(C=C)O)C,1.07
989,449,Garden Cress Seed Extract (GRCE),C1=C(C=C(C(=C1O)O)O)C(=O)O,0.2761
990,449,Garden Cress Seed Extract (GRCE),C1[C@H]([C@H]([C@@H](C[C@@]1(C(=O)O)O)OC(=O)/C=C\C2=CC(=C(C=C2)O)O)O)O,0.2214
991,449,Garden Cress Seed Extract (GRCE),COC1=C(C=CC(=C1)/C=C/C(=O)O)O,0.1197
992,449,Garden Cress Seed Extract (GRCE),C1=CC(=C(C=C1C2=C(C(=O)C3=C(C=C(C=C3O2)O)O)O)O)O,0.0895
993,449,Garden Cress Seed Extract (GRCE),[2H]OC[C@H]([C@H]([C@H]1[C@@H]([C@H](C[C@@](O1)(C(=O)O)OC)O[2H])NC(=O)C)O[2H])O[2H],0.1791
994,449,Garden Cress Seed Extract (GRCE),C1=CC(=CN=C1)C(=O)OC2=C(C(=C(C3=C2OC(C(C3=O)OOC(=O)C4=CN=CC=C4)C5=CC(=C(C=C5)O)O)OOC(=O)C6=CN=CC=C6)OC(=O)C7=CN=CC=C7)OOC(=O)C8=CN=CC=C8,0.1691
995,450,moringa gum,C([C@@H]1[C@@H]([C@@H]([C@H](C(O1)O)O)O)O)O,57.7
996,450,moringa gum,C1[C@@H]([C@@H]([C@H](C(O1)O)O)O)O,47.7
997,450,moringa gum,C([C@@H]1[C@H]([C@@H]([C@H](C(O1)O)O)O)O)O,1.0
998,451,pine cone extract (PCE),C1[C@H]([C@@H]([C@@H](C[C@]1(C(=O)O)O)OC(=O)/C=C/C2=CC=C(C=C2)O)O)O,0.26
999,451,pine cone extract (PCE),C1[C@@H]([C@H](OC2=CC(=CC(=C21)O)O)C3=CC(=C(C=C3)O)O)O,0.99
1000,451,pine cone extract (PCE),C1[C@H]([C@H](OC2=CC(=CC(=C21)O)O)C3=CC(=C(C=C3)O)O)O,0.99
1001,452,Tomato seed mucilage (TSM),C1[C@H]([C@@H]([C@H](C(O1)O)O)O)O,53.1
1002,452,Tomato seed mucilage (TSM),C1[C@@H]([C@@H]([C@H](C(O1)O)O)O)O,23.4
1003,452,Tomato seed mucilage (TSM),C([C@@H]1[C@H]([C@@H]([C@@H](C(O1)O)O)O)O)O,12.1
1004,452,Tomato seed mucilage (TSM),C([C@@H]1[C@H]([C@@H]([C@H](C(O1)O)O)O)O)O,4.6
1005,452,Tomato seed mucilage (TSM),C[C@H]1[C@@H]([C@H]([C@H](C(O1)O)O)O)O,4.5
1006,452,Tomato seed mucilage (TSM),C([C@@H]1[C@@H]([C@@H]([C@H](C(O1)O)O)O)O)O,2.4
1007,453,carbon dots (CDs),C,100.0
1008,454,Litsea cubeba essential oil (LC-EO),CC(=CCC/C(=C/C=O)/C)C,41.09
1009,454,Litsea cubeba essential oil (LC-EO),CC(=CCC/C(=C\C=O)/C)C,34.7
1010,454,Litsea cubeba essential oil (LC-EO),CC1=CC[C@@H](CC1)C(=C)C,1.74
1011,454,Litsea cubeba essential oil (LC-EO),CC(=CCCC(=C)C=C)C,1.67
1012,454,Litsea cubeba essential oil (LC-EO),CC(CCC=C(C)C)CC=O,0.52
1013,457,micro-emulsion (MOEO),CC1=CC=CC=C1C(C)C,39.44
1014,457,micro-emulsion (MOEO),CC1=C(C=C(C=C1)C(C)C)O,29.8
1015,457,micro-emulsion (MOEO),CC1=CCC(=C(C)C)CC1,20.82
1016,458,nano-emulsion (NOEO),CC1=CC=CC=C1C(C)C,39.44
1017,458,nano-emulsion (NOEO),CC1=C(C=C(C=C1)C(C)C)O,29.8
1018,458,nano-emulsion (NOEO),CC1=CCC(=C(C)C)CC1,20.82
1019,459,purple onion peel (POPE),C1=C(C=C(C(=C1O)O)O)C(=O)O,0.024
1020,459,purple onion peel (POPE),C1=CC(=C(C=C1C(=O)O)O)O,0.438
1021,459,purple onion peel (POPE),C1=CC(=CC(=C1)O)C(=O)O,0.924
1022,459,purple onion peel (POPE),COC1=C(C=CC(=C1)C(=O)O)O,0.059
1023,459,purple onion peel (POPE),COC1=C(C=CC(=C1)/C=C/C(=O)O)O,0.061
1024,459,purple onion peel (POPE),C1=CC(=C(C=C1C2=C(C(=O)C3=C(C=C(C=C3O2)O)O)O)O)O,12.552
1025,461,Helichrysum italicum essential oil(HIEO),CC1CCC2C13CC(C2(C)C)C4(C(C3)O4)C,13.61
1026,461,Helichrysum italicum essential oil(HIEO),CC1=CC=C(C=C1)C(C)CCC=C(C)C,11.41
1027,461,Helichrysum italicum essential oil(HIEO),CC(=CCC/C(=C/COC(=O)C)/C)C,10.05
1028,461,Helichrysum italicum essential oil(HIEO),CC1=CC[C@@H](CC1)C(=C)C,6.07
1029,461,Helichrysum italicum essential oil(HIEO),CC(=CCC/C(=C\CO)/C)C,5.04
1030,461,Helichrysum italicum essential oil(HIEO),CC(=CCC/C(=C\COC(=O)C)/C)C,4.91
1031,461,Helichrysum italicum essential oil(HIEO),CC1=C[C@H]2C[C@@H](C1)C2(C)C,3.78
1032,461,Helichrysum italicum essential oil(HIEO),COC1=CC=CC=C1,2.99
1033,461,Helichrysum italicum essential oil(HIEO),CC(=CCCC(C)(C=C)O)C,2.98
1034,461,Helichrysum italicum essential oil(HIEO),CC1=CCC[C@]2([C@H]1C[C@@H](CC2)C(C)(C)O)C,2.88
1035,461,Helichrysum italicum essential oil(HIEO),CC1=CC=C(CC1)C(C)C,2.47
1036,461,Helichrysum italicum essential oil(HIEO),CC1=CC(=C(C(=C1)CO)O)CO,2.42
1037,461,Helichrysum italicum essential oil(HIEO),C[C@H]1CC[C@H](CC2=C1CC[C@@H]2C)C(C)(C)O,2.36
1038,462,basil seed gum (BSG),C([C@@H]1[C@H]([C@@H]([C@H](C(O1)O)O)O)O)O,29.6
1039,462,basil seed gum (BSG),C([C@@H]1[C@@H]([C@@H]([C@H](C(O1)O)O)O)O)O,16.1
1040,462,basil seed gum (BSG),C([C@@H]1[C@H]([C@@H]([C@@H](C(O1)O)O)O)O)O,8.9
1041,462,basil seed gum (BSG),C1[C@@H]([C@@H]([C@H](C(O1)O)O)O)O,5.7
1042,462,basil seed gum (BSG),C1[C@H]([C@@H]([C@H](C(O1)O)O)O)O,4.1
1043,462,basil seed gum (BSG),C[C@H]1[C@@H]([C@H]([C@H](C(O1)O)O)O)O,2.2
1044,463,free vitamin E (FVE),CC1=C(C(=C(C2=C1O[C@](CC2)(C)CCC[C@H](C)CCC[C@H](C)CCCC(C)C)C)OC(=O)C)C,100.0
1045,464,vitamin E liposomes (LVE),CCCCCCCCCCCCCCCC(=O)OC[C@H](COP(=O)([O-])OCC[N+](C)(C)C)OC(=O)CCCCCCCCCCCCCCC,40.08
1046,464,vitamin E liposomes (LVE),CCCCCCCCCCCCCCCC(=O)OC[C@H](COP(=O)([O-])OCC[N+](C)(C)C)OC(=O)CCCCCCC/C=C\CCCCCCCC,40.08
1047,464,vitamin E liposomes (LVE),CC1=C(C(=C(C2=C1O[C@](CC2)(C)CCC[C@H](C)CCC[C@H](C)CCCC(C)C)C)OC(=O)C)C,16.33
1048,464,vitamin E liposomes (LVE),C[C@H](CCCC(C)C)[C@H]1CC[C@@H]2[C@@]1(CC[C@H]3[C@H]2CC=C4[C@@]3(CC[C@@H](C4)O)C)C,2.04
1049,465,vitamin E nanoliposomes (NLVE),CCCCCCCCCCCCCCCC(=O)OC[C@H](COP(=O)([O-])OCC[N+](C)(C)C)OC(=O)CCCCCCCCCCCCCCC,40.08
1050,465,vitamin E nanoliposomes (NLVE),CCCCCCCCCCCCCCCC(=O)OC[C@H](COP(=O)([O-])OCC[N+](C)(C)C)OC(=O)CCCCCCC/C=C\CCCCCCCC,40.08
1051,465,vitamin E nanoliposomes (NLVE),CC1=C(C(=C(C2=C1O[C@](CC2)(C)CCC[C@H](C)CCC[C@H](C)CCCC(C)C)C)OC(=O)C)C,16.33
1052,465,vitamin E nanoliposomes (NLVE),C[C@H](CCCC(C)C)[C@H]1CC[C@@H]2[C@@]1(CC[C@H]3[C@H]2CC=C4[C@@]3(CC[C@@H](C4)O)C)C,2.04
1053,466,sodium silicate,[O-][Si](=O)[O-].[Na+].[Na+],100.0
1054,467,ethylene diamine tetraacetic acid-2Na (EDTA-2Na),C(CN(CC(=O)[O-])CC(=O)[O-])N(CC(=O)O)CC(=O)O.[Na+].[Na+],100.0
1055,468,nopal cladodes,[C@@H]1([C@H]([C@H](O[C@@H]([C@@H]1O)O)C(=O)O)O)O,85.0
1056,469,propylene glycol,CC(CO)O,100.0
