id,name,smiles_1,ratio_1,smiles_2,ratio_2,smiles_3,ratio_3,smiles_4,ratio_4,smiles_5,ratio_5,smiles_6,ratio_6,smiles_7,ratio_7,smiles_8,ratio_8,smiles_9,ratio_9,smiles_10,ratio_10,smiles_11,ratio_11,smiles_12,ratio_12,smiles_13,ratio_13,smiles_14,ratio_14,smiles_15,ratio_15,smiles_16,ratio_16,smiles_17,ratio_17,smiles_18,ratio_18,smiles_19,ratio_19,smiles_20,ratio_20,smiles_21,ratio_21,smiles_22,ratio_22,smiles_23,ratio_23,smiles_24,ratio_24,smiles_25,ratio_25,total_ratio
1,rice starch,C([C@@H]1[C@H]([C@@H]([C@H]([C@H](O1)O)O)O)O)O,100,,,,,,,,,,,,,,,,,,,,,,,,,,,,,,,,,,,,,,,,,,,,,,,,,100
3,cellulose nanofiber,OC[C@H]1O[C@@H](O)[C@H](O)[C@@H](O)[C@@H]1O,100,,,,,,,,,,,,,,,,,,,,,,,,,,,,,,,,,,,,,,,,,,,,,,,,,100
5,corn starch,C([C@@H]1[C@H]([C@@H]([C@H]([C@H](O1)O)O)O)O)O,100,,,,,,,,,,,,,,,,,,,,,,,,,,,,,,,,,,,,,,,,,,,,,,,,,100
10,whey protein,C[C@@H](C(=O)O)N,5.21,C(C[C@@H](C(=O)O)N)CN=C(N)N,2.32,C([C@@H](C(=O)O)N)C(=O)N,12.18,C([C@@H](C(=O)O)N)S,2.15,C(CC(=O)O)[C@@H](C(=O)O)N,17.66,C(C(=O)O)N,1.43,C1=C(NC=N1)C[C@@H](C(=O)O)N,1.43,CC[C@H](C)[C@@H](C(=O)O)N,6.41,CC(C)C[C@@H](C(=O)O)N,9.94,CCC(CC1=CC=CC=C1)CNC(=O)C2=CC3=C(C=C2)SC4=CC=CC=C4C(=O)N3,8.07,CSCC[C@@H](C(=O)O)N,2.55,C1=CC=C(C=C1)C[C@@H](C(=O)O)N,2.74,C1C[C@H](NC1)C(=O)O,5.45,C(C(C(=O)O)N)O,4.51,C[C@H]([C@@H](C(=O)O)N)O,7.02,C1=CC=C2C(=C1)C(=CN2)C[C@@H](C(=O)O)N,1.6,C1=CC(=CC=C1C[C@@H](C(=O)O)N)O,2.78,CC(C)[C@@H](C(=O)O)N,5.65,,,,,,,,,,,,,,,99.1
12,soy protein,C[C@@H](C(=O)O)N,3.6,C(C[C@@H](C(=O)O)N)CN=C(N)N,6.7,C([C@@H](C(=O)O)N)C(=O)N,10.2,C([C@@H](C(=O)O)N)S,1.1,C(CC(=O)O)[C@@H](C(=O)O)N,17.5,C(C(=O)O)N,3.6,C1=C(NC=N1)C[C@@H](C(=O)O)N,2.2,CC[C@H](C)[C@@H](C(=O)O)N,4.3,CC(C)C[C@@H](C(=O)O)N,6.8,CCC(CC1=CC=CC=C1)CNC(=O)C2=CC3=C(C=C2)SC4=CC=CC=C4C(=O)N3,5.6,CSCC[C@@H](C(=O)O)N,1.1,C1=CC=C(C=C1)C[C@@H](C(=O)O)N,4.7,C1C[C@H](NC1)C(=O)O,4.9,C(C(C(=O)O)N)O,4.5,C[C@H]([C@@H](C(=O)O)N)O,3.2,C1=CC=C2C(=C1)C(=CN2)C[C@@H](C(=O)O)N,1.2,C1=CC(=CC=C1C[C@@H](C(=O)O)N)O,3.8,CC(C)[C@@H](C(=O)O)N,4.2,,,,,,,,,,,,,,,89.2
13,alginate,[C@@H]1([C@@H]([C@@H](O[C@H]([C@H]1O)O)C(=O)O)O)O,55,[C@@H]1([C@@H]([C@H](O[C@H]([C@H]1O)O)C(=O)O)O)O,45,,,,,,,,,,,,,,,,,,,,,,,,,,,,,,,,,,,,,,,,,,,,,,,100
14,hydroxypropylethylcellulose,C([C@@H]1[C@H]([C@@H]([C@H]([C@@H](O1)O)O)O)O)O,100,,,,,,,,,,,,,,,,,,,,,,,,,,,,,,,,,,,,,,,,,,,,,,,,,100
14,hydroxypropylemethylcellulose,CC(COC[C@@H]1[C@H]([C@@H]([C@H]([C@@H](O1)O[C@@H]2[C@H](O[C@H]([C@@H]([C@H]2OCC(C)O)OCC(C)O)OCC(C)O)COCC(C)O)OCC(C)O)OCC(C)O)OCC(C)O)O.COC[C@@H]1[C@H]([C@@H]([C@H]([C@@H](O1)O[C@@H]2[C@H](O[C@H]([C@@H]([C@H]2OC)OC)OC)COC)OC)OC)OC,100,,,,,,,,,,,,,,,,,,,,,,,,,,,,,,,,,,,,,,,,,,,,,,,,,100
16,aloe vera,OC[C@H]1OC(O)C@@HC@@H[C@H]1O,35,OC[C@H]1OC(O)C@HC@@H[C@H]1O,15,OC(=O)CC(O)C(=O)O,10,OC(=O)CC(O)(CC(=O)O)C(=O)O,5,OCC1=CC(O)=C2C(=C1)C(=O)C3=C(O)C=CC=C3C2C4OC(CO)C(O)C(O)C4O,0.5,OCC1=CC(O)=C2C(=O)C3=C(O)C=CC=C3C(=O)C2=C1,0.2,OC(=O)C1=CC=CC=C1O,0.1,OC(=O)C=CC1=CC=C(O)C=C1,0.05,OC(=O)C=CC1=CC=CC=C1,0.03,CCC@HC@H[C@H]1CC[C@@H]2[C@@]1(CC[C@H]3[C@H]2CC=C4CC@@HO)C,0.02,CC@H[C@H]1CC[C@@H]2[C@@]1(CC[C@H]3[C@H]2CC=C4CC@@HO)C,0.01,CC(=C)[C@@H]1CC[C@@]2([C@H]1CC[C@]34[C@H]2CC[C@@H]5[C@@]3(CCC@@HO)C(C)C4)C,0.01,NC(CC(=O)O)C(=O)O,0.3,NC(CCC(=O)O)C(=O)O,0.4,NC(CO)C(=O)O,0.2,NCC(=O)O,0.2,NC(C)C(=O)O,0.2,NC(C(C)C)C(=O)O,0.2,,,,,,,,,,,,,,,67.42
18,guar gum,C([C@@H]1[C@@H]([C@@H]([C@H]([C@H](O1)O)O)O)O)O,37,C([C@@H]1[C@H]([C@@H]([C@@H]([C@@H](O1)O)O)O)O)O,63,,,,,,,,,,,,,,,,,,,,,,,,,,,,,,,,,,,,,,,,,,,,,,,100
23,glycerol,OCC(O)CO,100,,,,,,,,,,,,,,,,,,,,,,,,,,,,,,,,,,,,,,,,,,,,,,,,,100
24,citric acid,C(C(=O)O)C(CC(=O)O)(C(=O)O)O,100,,,,,,,,,,,,,,,,,,,,,,,,,,,,,,,,,,,,,,,,,,,,,,,,,100
25,tween 20,CCCCCCCCCCCC(=O)OCCOCC(C1C(C(CO1)OCCO)OCCO)OCCO,100,,,,,,,,,,,,,,,,,,,,,,,,,,,,,,,,,,,,,,,,,,,,,,,,,100
26,tween 80,CCCCCCCC/C=C/CCCCCCCC(=O)OCCOCC(C1C(CC(O1)OCCO)OCCO)OCCO,100,,,,,,,,,,,,,,,,,,,,,,,,,,,,,,,,,,,,,,,,,,,,,,,,,100
27,tea seed oil,CCCCCCCC/C=C\CCCCCCCC(=O)O,56,OC(CCCCCCC/C=C\C/C=C\CCCCC)=O,22,CC/C=C\C/C=C\C/C=C\CCCCCCCC(O)=O,0.3,,,,,,,,,,,,,,,,,,,,,,,,,,,,,,,,,,,,,,,,,,,,,78.3
29,lemongrass oil,CC(=CCC/C(=C/C=O)/C)C,36.08,CC(=CCC/C(=C\C=O)/C)C,34.22,CC(=CCCC(=C)C=C)C,13.84,,,,,,,,,,,,,,,,,,,,,,,,,,,,,,,,,,,,,,,,,,,,,84.14
30,lemon essential oil,CC1=CC[C@H](CC1)C(=C)C,60.7,C=C1CCC2CC1C2(C)C,12.6,CC1=CCC(=CC1)C(C)C,10.3,CC1=CCC2CC1C2(C)C,2.6,CC(C)C12CCC(=C)C1C2,2.4,CC(=CCC/C(=C/C=O)/C)C,2.2,CC(=CCC/C(=C\C=O)/C)C,1.2,,,,,,,,,,,,,,,,,,,,,,,,,,,,,,,,,,,,,92
32,oregano essential oil,CC1=CC=CC=C1C(C)C,39.44,CC1=C(C=C(C=C1)C(C)C)O,29.8,CC1=CCC(=C(C)C)CC1,20.82,,,,,,,,,,,,,,,,,,,,,,,,,,,,,,,,,,,,,,,,,,,,,90.06
35,methylcellulose,C([C@@H]1[C@H]([C@@H]([C@H]([C@@H](O1)O)O)O)O)O,100,,,,,,,,,,,,,,,,,,,,,,,,,,,,,,,,,,,,,,,,,,,,,,,,,100
39,sorbitol,C([C@H]([C@H]([C@@H]([C@H](CO)O)O)O)O)O,100,,,,,,,,,,,,,,,,,,,,,,,,,,,,,,,,,,,,,,,,,,,,,,,,,100
40,olive oil,CCCCCCCCCCCCCCCC(O)=O,11.7,CCCCCC\C=C/CCCCCCCC(O)=O,0.9,CCCCCCCCCCCCCCCCCC(O)=O,3,CCCCCCCC/C=C\CCCCCCCC(=O)O,74.9,OC(CCCCCCC/C=C\C/C=C\CCCCC)=O,8.2,CC/C=C\C/C=C\C/C=C\CCCCCCCC(O)=O,0.6,CCCCCCCCCCCCCCCCCCCC(O)=O,0.4,CCCCCCCC/C=C\CCCCCCCCCC(=O)O,0.2,CCCCCCCCCCCCCCCCCCCCCC(=O)O,0.1,,,,,,,,,,,,,,,,,,,,,,,,,,,,,,,,,100
41,gelatin,C([C@@H](C(=O)O)N)C(=O)N,7.46,C[C@H]([C@@H](C(=O)O)N)O,2.11,C(C(C(=O)O)N)O,3.62,C(CC(=O)O)[C@@H](C(=O)O)N,11.28,C1C[C@H](NC1)C(=O)O,12.52,C(C(=O)O)N,32.63,C1=CC=C(C=C1)C[C@@H](C(=O)O)N,10.88,CC(C)[C@@H](C(=O)O)N,2.18,CSCC[C@@H](C(=O)O)N,0.42,CC[C@H](C)[C@@H](C(=O)O)N,1.44,CC(C)C[C@@H](C(=O)O)N,3,C1=CC(=CC=C1C[C@@H](C(=O)O)N)O,0.4,C1=CC=C(C=C1)C[C@@H](C(=O)O)N,1.99,CCC(CC1=CC=CC=C1)CNC(=O)C2=CC3=C(C=C2)SC4=CC=CC=C4C(=O)N3,3.46,[NH4+],0.59,C1=C(NC=N1)C[C@@H](C(=O)O)N,0.77,C(C[C@@H](C(=O)O)N)CN=C(N)N,9.9,,,,,,,,,,,,,,,,,104.65
42,Konjak Glucomannan,C([C@@H]1[C@H]([C@@H]([C@@H]([C@@H](O1)O)O)O)O)O,61.5,C([C@@H]1[C@H]([C@@H]([C@H]([C@@H](O1)O)O)O)O)O,38.5,,,,,,,,,,,,,,,,,,,,,,,,,,,,,,,,,,,,,,,,,,,,,,,100
43,pectin,[C@@H]1([C@H]([C@H](O[C@@H]([C@@H]1O)O)C(=O)O)O)O,65,,,,,,,,,,,,,,,,,,,,,,,,,,,,,,,,,,,,,,,,,,,,,,,,,65
44,trehalose,C([C@@H]1[C@H]([C@@H]([C@H]([C@@H](O1)O)O)O)O)O,100,,,,,,,,,,,,,,,,,,,,,,,,,,,,,,,,,,,,,,,,,,,,,,,,,100
48,sodium alginate,[C@@H]1([C@@H]([C@@H](O[C@H]([C@H]1O)O)C(=O)O)O)O,55,[C@@H]1([C@@H]([C@H](O[C@H]([C@H]1O)O)C(=O)O)O)O,45,,,,,,,,,,,,,,,,,,,,,,,,,,,,,,,,,,,,,,,,,,,,,,,100
49,canola oil,CCCCCCCCCCCCCCCC(O)=O,4.4,CCCCCC\C=C/CCCCCCCC(O)=O,0.2,CCCCCCCCCCCCCCCCCC(O)=O,1.9,CCCCCCCC/C=C\CCCCCCCC(=O)O,62.1,OC(CCCCCCC/C=C\C/C=C\CCCCC)=O,19.7,CC/C=C\C/C=C\C/C=C\CCCCCCCC(O)=O,9.7,CCCCCCCCCCCCCCCCCCCC(O)=O,0.6,CCCCCCCC/C=C\CCCCCCCCCC(=O)O,1,CCCCCCCCCCCCCCCCCCCCCC(=O)O,0.3,CCCCCCCCCCCCCCCCCCCCCCCC(O)=O,0.1,,,,,,,,,,,,,,,,,,,,,,,,,,,,,,,100
52,polyvinyl alcohol,C=CO,100,,,,,,,,,,,,,,,,,,,,,,,,,,,,,,,,,,,,,,,,,,,,,,,,,100
57,methanol,CO,100,,,,,,,,,,,,,,,,,,,,,,,,,,,,,,,,,,,,,,,,,,,,,,,,,100
60,limonene,CC1=CC[C@@H](CC1)C(=C)C,100,,,,,,,,,,,,,,,,,,,,,,,,,,,,,,,,,,,,,,,,,,,,,,,,,100
67,span 80,CCCCCCCC/C=C\CCCCCCCC(=O)OC[C@H]([C@@H]1[C@@H]([C@H](CO1)O)O)O,100,,,,,,,,,,,,,,,,,,,,,,,,,,,,,,,,,,,,,,,,,,,,,,,,,100
76,sunflower oil,CCCCCCCCCCCCCCCC(O)=O,4.9,CCCCCC\C=C/CCCCCCCC(O)=O,0.1,CCCCCCCCCCCCCCCCCC(O)=O,3.1,CCCCCCCC/C=C\CCCCCCCC(=O)O,58,OC(CCCCCCC/C=C\C/C=C\CCCCC)=O,32.1,CC/C=C\C/C=C\C/C=C\CCCCCCCC(O)=O,0.2,CCCCCCCCCCCCCCCCCCCC(O)=O,0.3,CCCCCCCC/C=C\CCCCCCCCCC(=O)O,0.2,CCCCCCCCCCCCCCCCCCCCCC(=O)O,0.8,CCCCCCCCCCCCCCCCCCCCCCCC(O)=O,0.3,,,,,,,,,,,,,,,,,,,,,,,,,,,,,,,100
77,carboxy-methyl cellulose,C([C@@H]1[C@H]([C@@H]([C@H]([C@@H](O1)O)O)O)O)O,100,,,,,,,,,,,,,,,,,,,,,,,,,,,,,,,,,,,,,,,,,,,,,,,,,100
77,carboxy-methyl cellulose,C([C@@H]1[C@H]([C@@H]([C@H]([C@@H](O1)O)O)O)O)O,100,,,,,,,,,,,,,,,,,,,,,,,,,,,,,,,,,,,,,,,,,,,,,,,,,100
80,beeswax,CCCCCCCCCCCCCCCC(=O)OCCCCCCCCCCCCCCCCCCCCCCCCCCCCCC,23,CCCCCCCCCCCCCCCCCCCCCCCCCC(=O)O,5,CCCCCCCCCCCCCCCCCCCCCCCCCCC,4,CCCCCCCCCCCCCCCCCCCCCCCCCCCCC,3.5,CCCCCCCCCCCCCCCCCCCCCCCCCCCCCCC,2.5,CCCCCCCCCCCCCCCCCCCCCCCCC,1.5,CCCCCCCCCCCCCCCCCCCCCCC,0.5,CCCCCCCCCCCCCCCCCCCCCCCC(=O)O,1.5,CCCCCCCCCCCCCCCCCCCCCCCCCCCC(=O)O,2.5,CCCCCCCCCCCCCCCCCCCCCCCCCCCCCC(=O)O,1.5,CCCCCCCCCCCCCCCCCCCCCCCCCCCCCCCO,1,CCCCCCCCCCCCCCCC(=O)OCCCCCCCCCCCCCCCCCCCCCCCCCCCC,6,CCCCCCCCCCCCCCCC(=O)OCCCCCCCCCCCCCCCCCCCCCCCCCC,5,CCCCCCCCCCCCCCCC(=O)OCCCCCCCCCCCCCCCCCCCCCCCC,4,CC(O)CCCCCCCCCCCCC(=O)O,1,CCCCCCCCCCCCCCCCCCCCC,0.2,CCCCCCCCCCCCCCCC(=O)O,1,CCCCCCCCCCCCCCCCCCCCCCCCCC(=O)O,2,,,,,,,,,,,,,,,65.7
82,curcumin,COC1=C(C=CC(=C1)/C=C/C(=O)CC(=O)/C=C/C2=CC(=C(C=C2)O)OC)O,100,,,,,,,,,,,,,,,,,,,,,,,,,,,,,,,,,,,,,,,,,,,,,,,,,100
83,catechin,C1[C@H]([C@H](OC2=CC(=CC(=C21)O)O)C3=CC(=C(C(=C3)O)O)O)OC(=O)C4=CC(=C(C(=C4)O)O)O,100,,,,,,,,,,,,,,,,,,,,,,,,,,,,,,,,,,,,,,,,,,,,,,,,,100
85,gallic acid,C1=C(C=C(C(=C1O)O)O)C(=O)O,100,,,,,,,,,,,,,,,,,,,,,,,,,,,,,,,,,,,,,,,,,,,,,,,,,100
86,chlorogenic acid,C1[C@H]([C@H]([C@@H](C[C@@]1(C(=O)O)O)OC(=O)/C=C/C2=CC(=C(C=C2)O)O)O)O,100,,,,,,,,,,,,,,,,,,,,,,,,,,,,,,,,,,,,,,,,,,,,,,,,,100
93,clove essential oil,COC1=C(C=CC(=C1)CC=C)O,87,CC(=O)OC1=C(C=CC(=C1)CC=C)OC,8.01,C[C@]1(CC[C@H]2C(=C)CC[C@@H]1C2)C,3.56,,,,,,,,,,,,,,,,,,,,,,,,,,,,,,,,,,,,,,,,,,,,,98.57
95,chlorogenic acid,C1[C@H]([C@H]([C@@H](C[C@@]1(C(=O)O)O)OC(=O)/C=C/C2=CC(=C(C=C2)O)O)O)O,100,,,,,,,,,,,,,,,,,,,,,,,,,,,,,,,,,,,,,,,,,,,,,,,,,100
96,ascorbic acid,C([C@@H]([C@@H]1[C@H](C(=O)C(=O)O1)O)O)O,100,,,,,,,,,,,,,,,,,,,,,,,,,,,,,,,,,,,,,,,,,,,,,,,,,100
97,hydrogen peroxide,OO,100,,,,,,,,,,,,,,,,,,,,,,,,,,,,,,,,,,,,,,,,,,,,,,,,,100
98,β-cyclodextrin,C([C@@H]1[C@@H]2[C@@H]([C@H]([C@H](O1)O[C@@H]3[C@H](O[C@@H]([C@@H]([C@H]3O)O)O[C@@H]4[C@H](O[C@@H]([C@@H]([C@H]4O)O)O[C@@H]5[C@H](O[C@@H]([C@@H]([C@H]5O)O)O[C@@H]6[C@H](O[C@@H]([C@@H]([C@H]6O)O)O[C@@H]7[C@H](O[C@@H]([C@@H]([C@H]7O)O)O[C@@H]8[C@H](O[C@H](O2)[C@@H]([C@H]8O)O)CO)CO)CO)CO)CO)CO)O)O)O,100,,,,,,,,,,,,,,,,,,,,,,,,,,,,,,,,,,,,,,,,,,,,,,,,,100
98,β-cyclodextrin,C([C@@H]1[C@@H]2[C@@H]([C@H]([C@H](O1)O[C@@H]3[C@H](O[C@@H]([C@@H]([C@H]3O)O)O[C@@H]4[C@H](O[C@@H]([C@@H]([C@H]4O)O)O[C@@H]5[C@H](O[C@@H]([C@@H]([C@H]5O)O)O[C@@H]6[C@H](O[C@@H]([C@@H]([C@H]6O)O)O[C@@H]7[C@H](O[C@@H]([C@@H]([C@H]7O)O)O[C@@H]8[C@H](O[C@H](O2)[C@@H]([C@H]8O)O)CO)CO)CO)CO)CO)CO)O)O)O,100,,,,,,,,,,,,,,,,,,,,,,,,,,,,,,,,,,,,,,,,,,,,,,,,,100
107,eugenol,COC1=C(C=CC(=C1)CC=C)O,100,,,,,,,,,,,,,,,,,,,,,,,,,,,,,,,,,,,,,,,,,,,,,,,,,100
108,sodium tripolyphosphate,[O-]P(=O)([O-])OP(=O)([O-])OP(=O)([O-])[O-].[Na+].[Na+].[Na+].[Na+].[Na+],100,,,,,,,,,,,,,,,,,,,,,,,,,,,,,,,,,,,,,,,,,,,,,,,,,100
121,rosemary essential oil,CC1(C2CCC(O1)(CC2)C)C,36.73,CC1(C2CCC1(C(=O)C2)C)C,16.83,CC1=C[C@H]2C[C@@H](C1)C2(C)C,12.52,CC1(C2CCC1(C(C2)O)C)C,8.02,CC1=CC(=O)[C@@H]2C[C@H]1C2(C)C,4.67,CC1(C2CCC(C2)C1=C)C,4.11,CC1=CC=C(C=C1)C(C)C,3.95,CC1=CC[C@@H](CC1)C(=C)C,3.31,,,,,,,,,,,,,,,,,,,,,,,,,,,,,,,,,,,90.14
122,stearic acid,CCCCCCCCCCCCCCCCCC(=O)O,100,,,,,,,,,,,,,,,,,,,,,,,,,,,,,,,,,,,,,,,,,,,,,,,,,100
123,lecithin,CCCCC/C=C\C/C=C\CCCCCCCC(=O)OCC(OC(=O)CCCCCCC/C=C\C/C=C\CCCCC)COC(=O)CCCCCCC/C=C\C/C=C\CCCCC,33.4,CCCCC/C=C\C/C=C\CCCCCCCC(=O)OC[C@H](COP(=O)([O-])OC1C(O)C(O)C(O)C(O)C1O)OC(=O)CCCCCCC/C=C\C/C=C\CCCCC,16.5,CCCCC/C=C\C/C=C\CCCCCCCC(=O)OC[C@H](COP(=O)([O-])OCC[N+](C)(C)C)OC(=O)CCCCCCC/C=C\C/C=C\CCCCC,16.2,CCCCC/C=C\C/C=C\CCCCCCCC(=O)OC[C@H](COP(=O)([O-])OCC[NH3+])OC(=O)CCCCCCC/C=C\C/C=C\CCCCC,5.3,,,,,,,,,,,,,,,,,,,,,,,,,,,,,,,,,,,,,,,,,,,71.4
124,palmitic acid,CCCCCCCCCCCCCCCC(O)=O,100,,,,,,,,,,,,,,,,,,,,,,,,,,,,,,,,,,,,,,,,,,,,,,,,,100
125,oleic acid,CCCCCCCC/C=C\CCCCCCCC(=O)O,100,,,,,,,,,,,,,,,,,,,,,,,,,,,,,,,,,,,,,,,,,,,,,,,,,100
126,linoleic acid,OC(CCCCCCC/C=C\C/C=C\CCCCC)=O,100,,,,,,,,,,,,,,,,,,,,,,,,,,,,,,,,,,,,,,,,,,,,,,,,,100
134,grapefruit essential oil,CC1=CCC(CC1)C(=C)C,93.33,CC(=CCCC(=C)C=C)C,2.16,CC1=C[C@H]2C[C@@H](C1)C2(C)C,0.76,CC(C)C12CCC(=C)C1C2,0.6,,,,,,,,,,,,,,,,,,,,,,,,,,,,,,,,,,,,,,,,,,,96.85
142,calcium propionate,CCC(=O)[O-].CCC(=O)[O-].[Ca+2],100,,,,,,,,,,,,,,,,,,,,,,,,,,,,,,,,,,,,,,,,,,,,,,,,,100
144,control,,,,,,,,,,,,,,,,,,,,,,,,,,,,,,,,,,,,,,,,,,,,,,,,,,,0
146,wine lees extract (WLE),C1=C(C=C(C(=C1O)O)O)C(=O)O,4.9,C1=CC(=C(C=C1/C=C/C(=O)O)O)O,2.56,C1=C(C=C(C(=C1O)O)O)C2=C(C(=O)C3=C(C=C(C=C3O2)O)O)O,2.332,C1=CC(=C(C=C1C2=C(C(=O)C3=C(C=C(C=C3O2)O)O)O)O)O,2.117,COC1=CC(=CC(=C1O)OC)C(=O)O,2.032,C1=CC(=CC=C1/C=C/C(=O)O)O[C@H]2[C@@H]([C@H]([C@@H]([C@H](O2)CO)O)O)O,1.9,C1[C@@H]([C@H](OC2=CC(=CC(=C21)O)O)C3=CC(=C(C=C3)O)O)O,1.804,C1=CC(=CC=C1/C=C/C2=CC(=CC(=C2)O)O)O,0.069,C1=CC(=CC=C1C2=C(C(=O)C3=C(C=C(C=C3O2)O)O)O)O,0.49,C[C@H]1[C@@H]([C@H]([C@H]([C@@H](O1)OC[C@@H]2[C@H]([C@@H]([C@H]([C@@H](O2)OC3=C(OC4=CC(=CC(=C4C3=O)O)O)C5=CC(=C(C=C5)O)O)O)O)O)O)O)O,0.177,COC1=C(C=CC(=C1)/C=C/C(=O)O)O,0.152,C1=CC=C(C(=C1)C(=O)O)O,0.113,,,,,,,,,,,,,,,,,,,,,,,,,,,18.646
147,xanthan gum,C([C@@H]1[C@H]([C@@H]([C@H]([C@@H](O1)O)O)O)O)O,40,C([C@@H]1[C@H]([C@@H]([C@@H]([C@@H](O1)O)O)O)O)O,40,[C@@H]1([C@@H]([C@H](O[C@H]([C@@H]1O)O)C(=O)O)O)O,20,,,,,,,,,,,,,,,,,,,,,,,,,,,,,,,,,,,,,,,,,,,,,100
148,sodium nitroprusside (SNP),[C-]#N.[C-]#N.[C-]#N.[C-]#N.[C-]#N.N#[O+].[Na+].[Na+].[Fe+2],100,,,,,,,,,,,,,,,,,,,,,,,,,,,,,,,,,,,,,,,,,,,,,,,,,100
149,mentha piperita L. essential oil,C[C@H]1CC[C@H]([C@H](C1)O)C(C)C,46.32,CC1=C(OC2=C1C[C@H](C2)C(C)C)C,13.18,CC(C)[C@H]1CC[C@H]([C@@H](C1)OC(=O)C)C,12.1,C[C@@H]1CC[C@@H](C(=O)C1)C(C)C,7.42,CC12CCC(CC1)C(C)(C)O2,6.06,,,,,,,,,,,,,,,,,,,,,,,,,,,,,,,,,,,,,,,,,85.08
150,glyceryl palmitostearate,CCCCCCCCCCCCCCCCCC(=O)O.CCCCCCCCCCCCCCCC(=O)O.C(C(CO)O)O,100,,,,,,,,,,,,,,,,,,,,,,,,,,,,,,,,,,,,,,,,,,,,,,,,,100
151,polysorbate 80,CCCCCCCC/C=C/CCCCCCCC(=O)OCCOCC(C1C(CC(O1)OCCO)OCCO)OCCO,100,,,,,,,,,,,,,,,,,,,,,,,,,,,,,,,,,,,,,,,,,,,,,,,,,100
152,zinc oxide nanoparticles,[O-2].[Zn+2],100,,,,,,,,,,,,,,,,,,,,,,,,,,,,,,,,,,,,,,,,,,,,,,,,,100
154,pomegranate seed oil,CCCC/C=C\C=C\C=C/CCCCCCCC(=O)O,68.12,OC(CCCCCCC/C=C\C/C=C\CCCCC)=O,6.71,CCCCCCCCCCCCCCCC(O)=O,5.55,CCCCCCCCCCCCCCCCCC(O)=O,3.86,CCCCCCCC/C=C\CCCCCCCC(=O)O,8.51,CCCCCCCCCCCCCCCCCCCC(O)=O,0.83,CCCCCCCC/C=C\CCCCCCCCCC(=O)O,0.95,CCCCCCCCCCCCCCCCCCCCCC(=O)O,0.35,,,,,,,,,,,,,,,,,,,,,,,,,,,,,,,,,,,94.88
157,mandarin essential oil,CC1=CC[C@@H](CC1)C(=C)C,74.7,CC(C)C1=CCC(C)=CC1,15.7,,,,,,,,,,,,,,,,,,,,,,,,,,,,,,,,,,,,,,,,,,,,,,,90.4
159,carnauba wax,CCCCCCCCCCCCCCCCCCCCCCCCCCOC(=O)CCCCCCCCCCCCCCCCCCCCCCCCC,40,C1=CC(=CC=C1C=CC(=O)O)O,21,CCCCCCCCCCCCCCCCCCCCCCCCCCO,12,,,,,,,,,,,,,,,,,,,,,,,,,,,,,,,,,,,,,,,,,,,,,73
160,ammonia,N,100,,,,,,,,,,,,,,,,,,,,,,,,,,,,,,,,,,,,,,,,,,,,,,,,,100
164,chlorine,ClCl,100,,,,,,,,,,,,,,,,,,,,,,,,,,,,,,,,,,,,,,,,,,,,,,,,,100
169,chitosan,C([C@@H]1[C@H]([C@@H]([C@H]([C@@H](O1)O)N)O)O)O,100,,,,,,,,,,,,,,,,,,,,,,,,,,,,,,,,,,,,,,,,,,,,,,,,,100
170,carboxymethyl cellulose,C([C@@H]1[C@H]([C@@H]([C@H]([C@@H](O1)O)O)O)O)O,100,,,,,,,,,,,,,,,,,,,,,,,,,,,,,,,,,,,,,,,,,,,,,,,,,100
173,gum arabic,C([C@@H]1[C@@H]([C@@H]([C@H]([C@@H](O1)O)O)O)O)O,40,C([C@H]1[C@@H]([C@H]([C@H](O1)O)O)O)O,30,C[C@H]1[C@@H]([C@H]([C@H]([C@H](O1)O)O)O)O,10,[C@@H]1([C@@H]([C@H](O[C@H]([C@@H]1O)O)C(=O)O)O)O,10,CO[C@H]1[C@@H]([C@H]([C@@H](O[C@@H]1C(=O)O)O)O)O,1.5,,,,,,,,,,,,,,,,,,,,,,,,,,,,,,,,,,,,,,,,,91.5
174,carrageenan,C([C@@H]1[C@@H]([C@@H]([C@H]([C@@H](O1)O)O)O)O)O,50,C1[C@@H]2[C@@H]([C@H](O1)[C@H]([C@H](O2)O)O)O,50,,,,,,,,,,,,,,,,,,,,,,,,,,,,,,,,,,,,,,,,,,,,,,,100
175,peach gum,C([C@@H]1[C@@H]([C@@H]([C@H]([C@@H](O1)O)O)O)O)O,42,C([C@@H]1[C@H]([C@H]([C@@H](O1)O)O)O)O,36,[C@@H]1([C@@H]([C@H](O[C@H]([C@@H]1O)O)C(=O)O)O)O,15,C1[C@H]([C@@H]([C@H]([C@@H](O1)O)O)O)O,7,C([C@@H]1[C@H]([C@@H]([C@@H]([C@@H](O1)O)O)O)O)O,2,,,,,,,,,,,,,,,,,,,,,,,,,,,,,,,,,,,,,,,,,102
179,locust bean gum,C([C@@H]1[C@@H]([C@@H]([C@H]([C@H](O1)O)O)O)O)O,20,C([C@@H]1[C@H]([C@@H]([C@@H]([C@@H](O1)O)O)O)O)O,80,,,,,,,,,,,,,,,,,,,,,,,,,,,,,,,,,,,,,,,,,,,,,,,100
180,pracaxi nut oil,CCCCCCCCCCCCCC(=O)O,0.34,CCCCCCCCCCCCCCCC(O)=O,3.09,CCCCCC\C=C/CCCCCCCC(O)=O,0.12,CCCCCCCCCCCCCCCCCC(O)=O,5.77,CCCCCCCC/C=C\CCCCCCCC(=O)O,48.61,OC(CCCCCCC/C=C\C/C=C\CCCCC)=O,11.81,CC/C=C\C/C=C\C/C=C\CCCCCCCC(O)=O,0.13,CCCCCCCCCCCCCCCCCCCC(O)=O,3.01,CCCCCCCCCCCCCCCCCCCCCC(=O)O,14.79,CCCCCCCCCCCCCCCCCCCCCCCC(O)=O,10.88,,,,,,,,,,,,,,,,,,,,,,,,,,,,,,,98.55
181,extra virgin olive oil,CCCCCCCCCCCCCCCC(O)=O,10.7,CCCCCC\C=C/CCCCCCCC(O)=O,0.3,CCCCCCCCCCCCCCCCCC(O)=O,3.2,CCCCCCCC/C=C\CCCCCCCC(=O)O,71.9,OC(CCCCCCC/C=C\C/C=C\CCCCC)=O,11.3,CC/C=C\C/C=C\C/C=C\CCCCCCCC(O)=O,0.7,CCCCCCCCCCCCCCCCCCCC(O)=O,0.6,CCCCCCCC/C=C\CCCCCCCCCC(=O)O,0.3,CCCCCCCCCCCCCCCCCCCCCC(=O)O,0.2,,,,,,,,,,,,,,,,,,,,,,,,,,,,,,,,,99.2
183,hyaluronic acid,[C@@H]1([C@@H]([C@H](O[C@H]([C@@H]1O)O)C(=O)O)O)O,50,CC(=O)N[C@@H]1[C@H]([C@@H]([C@H](OC1O)CO)O)O,50,,,,,,,,,,,,,,,,,,,,,,,,,,,,,,,,,,,,,,,,,,,,,,,100
185,methyl red,CN(C)c1ccc(cc1)\N=N\c2ccccc2C(O)=O,100,,,,,,,,,,,,,,,,,,,,,,,,,,,,,,,,,,,,,,,,,,,,,,,,,100
186,bromothymol blue (BTB),CC1=C(C=C(C(=C1Br)O)C(C)C)C2(C3=CC=CC=C3S(=O)(=O)O2)C4=C(C(=C(C(=C4)C(C)C)O)Br)C,100,,,,,,,,,,,,,,,,,,,,,,,,,,,,,,,,,,,,,,,,,,,,,,,,,100
187,tannin acid,C1=C(C=C(C(=C1O)O)O)C(=O)OC2=CC(=CC(=C2O)O)C(=O)OC[C@@H]3[C@H]([C@@H]([C@H]([C@@H](O3)OC(=O)C4=CC(=C(C(=C4)OC(=O)C5=CC(=C(C(=C5)O)O)O)O)O)OC(=O)C6=CC(=C(C(=C6)OC(=O)C7=CC(=C(C(=C7)O)O)O)O)O)OC(=O)C8=CC(=C(C(=C8)OC(=O)C9=CC(=C(C(=C9)O)O)O)O)O)OC(=O)C1=CC(=C(C(=C1)OC(=O)C1=CC(=C(C(=C1)O)O)O)O)O 2,100,,,,,,,,,,,,,,,,,,,,,,,,,,,,,,,,,,,,,,,,,,,,,,,,,100
188,silk fibroin,C(C(=O)O)N,42.9,C[C@@H](C(=O)O)N,30,C(C(C(=O)O)N)O,12.2,C[C@H]([C@@H](C(=O)O)N)O,4.8,CC(C)[C@@H](C(=O)O)N,2.5,C([C@@H](C(=O)O)N)C(=O)N,1.9,C(CC(=O)O)[C@@H](C(=O)O)N,1.4,C[C@H]([C@@H](C(=O)O)N)O,0.92,C1=CC=C(C=C1)C[C@@H](C(=O)O)N,0.67,CC[C@H](C)[C@@H](C(=O)O)N,0.61,CC(C)C[C@@H](C(=O)O)N,0.55,C1C[C@H](NC1)C(=O)O,0.45,C(C[C@@H](C(=O)O)N)CN=C(N)N,0.51,C1=C(NC=N1)C[C@@H](C(=O)O)N,0.19,CCC(CC1=CC=CC=C1)CNC(=O)C2=CC3=C(C=C2)SC4=CC=CC=C4C(=O)N3,0.38,,,,,,,,,,,,,,,,,,,,,99.98
190,thyme essential oil (TEO),CC1(C)C2C=CC(C(C)C)C12,1.06,CC1=CCC2CC1C2(C)C,1.07,CC1(C)C2CCC1(C(=C)C2),0.37,CC(=CCCC(=C)C=C)C,1.53,CC1=CCC(C(C)C)=CC1,0.33,CC12CCC(C1)C(C)(C)C2=C,3.76,CC1=CC[C@H](CC1)C(=C)C,0.29,CC1=CCC(=C)CC1C(C)C,0.21,CC1=CC=C(C=C1)C(C)C,8.41,CC1=CCC(C(C)C)=CC1,30.9,CC1=CCC(CC1)C(C)(C)O,0.47,CC1=CCC(CC1)(C(C)C)O,0.46,CC1=CC(=C(C=C1)O)C(C)C,47.59,CC1=CCCC(C)(C2CC2(C)CCC1=C)C,2.68,CC(=CCCC(=C)C1CCC(C)=CC1)C,0.78,,,,,,,,,,,,,,,,,,,,,99.91
194,pullulan,C([C@@H]1[C@H]([C@@H]([C@H]([C@H](O1)OC[C@@H]2[C@H]([C@@H]([C@H]([C@H](O2)O[C@H]([C@@H](CO)O)[C@@H]([C@H](C=O)O)O)O)O)O)O)O)O)O,100,,,,,,,,,,,,,,,,,,,,,,,,,,,,,,,,,,,,,,,,,,,,,,,,,100
198,calcium gluconate,C([C@H]([C@H]([C@@H]([C@H](C(=O)[O-])O)O)O)O)O.C([C@H]([C@H]([C@@H]([C@H](C(=O)[O-])O)O)O)O)O.[Ca+2],100,,,,,,,,,,,,,,,,,,,,,,,,,,,,,,,,,,,,,,,,,,,,,,,,,100
199,acetic acid,CC(=O)O,100,,,,,,,,,,,,,,,,,,,,,,,,,,,,,,,,,,,,,,,,,,,,,,,,,100
200,calcium chloride,[Cl-].[Cl-].[Ca+2],100,,,,,,,,,,,,,,,,,,,,,,,,,,,,,,,,,,,,,,,,,,,,,,,,,100
201,lactic acid,CC(C(=O)O)O,100,,,,,,,,,,,,,,,,,,,,,,,,,,,,,,,,,,,,,,,,,,,,,,,,,100
202,fructose,C1[C@H]([C@H]([C@@H](C(O1)(CO)O)O)O)O,100,,,,,,,,,,,,,,,,,,,,,,,,,,,,,,,,,,,,,,,,,,,,,,,,,100
203,amylose,C([C@@H]1[C@H]([C@@H]([C@H]([C@@H](O1)O)O)O)O)O,100,,,,,,,,,,,,,,,,,,,,,,,,,,,,,,,,,,,,,,,,,,,,,,,,,100
203,amylose,C([C@@H]1[C@H]([C@@H]([C@H]([C@@H](O1)O)O)O)O)O,100,,,,,,,,,,,,,,,,,,,,,,,,,,,,,,,,,,,,,,,,,,,,,,,,,100
204,Fructose,[C@@H]1([C@@H]([C@H](O[C@H]([C@@H]1O)O)C(=O)O)O)O,100,,,,,,,,,,,,,,,,,,,,,,,,,,,,,,,,,,,,,,,,,,,,,,,,,100
205,persian gum,C([C@@H]1[C@@H]([C@@H]([C@H]([C@@H](O1)O)O)O)O)O,40,C([C@H]1[C@@H]([C@H]([C@H](O1)O)O)O)O,30,C[C@H]1[C@@H]([C@H]([C@H]([C@H](O1)O)O)O)O,10,[C@@H]1([C@@H]([C@H](O[C@H]([C@@H]1O)O)C(=O)O)O)O,10,CO[C@H]1[C@@H]([C@H]([C@@H](O[C@@H]1C(=O)O)O)O)O,1.5,,,,,,,,,,,,,,,,,,,,,,,,,,,,,,,,,,,,,,,,,91.5
206,tragacanth gum,[C@@H]1([C@H]([C@H](O[C@@H]([C@@H]1O)O)C(=O)O)O)O,50,C([C@@H]1[C@@H]([C@@H]([C@H]([C@@H](O1)O)O)O)O)O,25,C([C@H]1[C@@H]([C@H]([C@H](O1)O)O)O)O,20,C[C@H]1[C@@H]([C@H]([C@H]([C@H](O1)O)O)O)O,6,[C@@H]1([C@@H]([C@H](O[C@H]([C@@H]1O)O)C(=O)O)O)O,6,,,,,,,,,,,,,,,,,,,,,,,,,,,,,,,,,,,,,,,,,107
208,sodium carboxymethyl cellulose,C([C@@H]1[C@H]([C@@H]([C@H]([C@@H](O1)O)O)O)O)O,100,,,,,,,,,,,,,,,,,,,,,,,,,,,,,,,,,,,,,,,,,,,,,,,,,100
211,yam bean starch,C([C@@H]1[C@H]([C@@H]([C@H]([C@H](O1)O)O)O)O)O,100,,,,,,,,,,,,,,,,,,,,,,,,,,,,,,,,,,,,,,,,,,,,,,,,,100
212,agarwood bouya essential oil,CC(=O)CCC1=CC=CC=C1,1.53,CC1=CC(=C(C(=C1)C(C)(C)C)O)C(C)(C)C,0.35,C[C@H]1CC[C@H]2[C@H](C1)CCC(=C)C2(C)C,0.31,CC1([C@@H]2CCC3(CCC=C[C@]3(C2)O1)C)C,8.02,CC1([C@@H]2CCC3(CC[C@H](C)[C@]3(C2)O1)C)C,0.4,CC(=O)CCC1=CC=C(C=C1)OC,0.21,CC1=CCC[C@]2([C@@]13C[C@H](CC2)C(O3)(C)C)C,0.49,CC1=C[C@H](C)C[C@]23[C@H]1C(=O)C[C@]2(C)C(O3)(C)C,0.36,C[C@H]1CC[C@H]2[C@@H](C1)C[C@@]3(C(=C)C)C[C@]2(C)O3,1.27,[H][C@]1(CC[C@]2(C)CCCC(C)=C2C1)C(C)(C)O,2.44,C[C@@H]1CCC=C([C@@]12CC[C@H](C2)C(C)(C)O)C,5.64,C[C@@H]1CC[C@]2(C)C(=C)C[C@@H]1[C@H]2C(C)(C)O,0.54,C[C@H]1CC=CC2[C@@]1(C[C@@H](CC2)C(C)(C)O)C,5.02,C[C@@H]1CCC=C2[C@]1(C[C@@H](CC2)C(C)(C)O)C,4.94,CC1=CCC[C@]2(C)[C@H]1CC[C@@H](C2)C(C)(C)O,2.17,N/A,5.95,C[C@H]1CC=C(C)[C@]2(C)[C@H]1CC[C@H](C2)C(C)(C)O,1.65,N/A,1.72,C[C@@H]1C=C(CC[C@H]1C(C)C)C2=C(C[C@H](C2)O)C,0.95,C[C@@H]1CC[C@@H](C2=C(CC[C@H]12)C)C(=O)C=C(C)C,14.43,C[C@H]1CC[C@H](C(=C)C)C2=C(C[C@@H](C12)C=O)C,2.73,C[C@@H]1CC[C@@H](CC1=O)C(=C)C,3.25,C[C@@H]1CC(=O)C=C2[C@]1(C[C@@H](CC2)C(=C)C)C,0.61,,,,,64.98
213,reuterin,C(CO)C=O,100,,,,,,,,,,,,,,,,,,,,,,,,,,,,,,,,,,,,,,,,,,,,,,,,,100
214,carotenoprotein,CC1=C(C(CC(C1=O)O)(C)C)/C=C/C(=C/C=C/C(=C/C=C/C=C(\C)/C=C/C=C(\C)/C=C/C2=C(C(=O)C(CC2(C)C)O)C)/C)/C,100,,,,,,,,,,,,,,,,,,,,,,,,,,,,,,,,,,,,,,,,,,,,,,,,,100
216,starch,C([C@@H]1[C@H]([C@@H]([C@H]([C@H](O1)O)O)O)O)O,100,C([C@@H]1[C@H]([C@@H]([C@H]([C@@H](O1)O)O)O)O)O,,,,,,,,,,,,,,,,,,,,,,,,,,,,,,,,,,,,,,,,,,,,,,,,100
217,sodium hydroxide,[OH-].[Na+],100,,,,,,,,,,,,,,,,,,,,,,,,,,,,,,,,,,,,,,,,,,,,,,,,,100
218,tocopheryl acetate,CC1=C(C(=C(C2=C1OC(CC2)(C)CCCC(C)CCCC(C)CCCC(C)C)C)OC(=O)C)C,100,,,,,,,,,,,,,,,,,,,,,,,,,,,,,,,,,,,,,,,,,,,,,,,,,100
219,cross linked maize starch,C([C@@H]1[C@H]([C@@H]([C@H]([C@@H](O1)O)O)O)O)O,100,,,,,,,,,,,,,,,,,,,,,,,,,,,,,,,,,,,,,,,,,,,,,,,,,100
221,grape seed extract,C1[C@@H]([C@H](OC2=CC(=CC(=C21)O)O)C3=CC(=C(C=C3)O)O)O,2.26,C1[C@@H]([C@H](OC2=C1C(=CC(=C2[C@@H]3[C@H]([C@H](OC4=CC(=CC(=C34)O)O)C5=CC(=C(C=C5)O)O)O)O)O)C6=CC(=C(C=C6)O)O)O,1.188,C1[C@H]([C@H](OC2=CC(=CC(=C21)O)O)C3=CC(=C(C=C3)O)O)O,1.015,C1[C@H]([C@H](OC2=C1C(=CC(=C2[C@@H]3[C@H]([C@H](OC4=CC(=CC(=C34)O)O)C5=CC(=C(C=C5)O)O)O)O)O)C6=CC(=C(C=C6)O)O)O,0.654,,,,,,,,,,,,,,,,,,,,,,,,,,,,,,,,,,,,,,,,,,,5.117
222,quinoa protein,C([C@@H](C(=O)O)N)C(=O)N,8.7,C(CC(=O)O)[C@@H](C(=O)O)N,13.3,C(C(C(=O)O)N)O,4.3,C(C(=O)O)N,4.6,C1=C(NC=N1)C[C@@H](C(=O)O)N,2.9,C(C[C@@H](C(=O)O)N)CN=C(N)N,9,C[C@H]([C@@H](C(=O)O)N)O,3.3,C[C@@H](C(=O)O)N,4,C1C[C@H](NC1)C(=O)O,4.8,C1=CC(=CC=C1C[C@@H](C(=O)O)N)O,2.5,CC(C)[C@@H](C(=O)O)N,4.6,CSCC[C@@H](C(=O)O)N,1.8,C([C@@H](C(=O)O)N)S,1.9,CC[C@H](C)[C@@H](C(=O)O)N,3.7,CC(C)C[C@@H](C(=O)O)N,6.5,C1=CC=C(C=C1)C[C@@H](C(=O)O)N,4.1,CCC(CC1=CC=CC=C1)CNC(=O)C2=CC3=C(C=C2)SC4=CC=CC=C4C(=O)N3,5.5,C1=CC=C2C(=C1)C(=CN2)C[C@@H](C(=O)O)N,1.2,,,,,,,,,,,,,,,86.7
226,cinnamon essential oil,C1=CC=C(C=C1)/C=C/C=O,71.5,CC(=CCCC(C)(C=C)O)C,7,COC1=C(C=CC(=C1)CC=C)O,4.6,C/C/1=C/CCC(=C)[C@@H]2CC([C@H]2CC1)(C)C,6.4,C/C/1=C\CC(/C=C/C/C(=C/CC1)/C)(C)C,1.7,CC1(C2CCC(C1)(O2)C)C,5.4,CC1=CC[C@H](CC1)C(=C)C,1.2,,,,,,,,,,,,,,,,,,,,,,,,,,,,,,,,,,,,,97.8
227,ethanol,CCO,100,,,,,,,,,,,,,,,,,,,,,,,,,,,,,,,,,,,,,,,,,,,,,,,,,100
228,carboxycellulose nanocrystal,C([C@@H]1[C@H]([C@@H]([C@H]([C@@H](O1)O)O)O)O)O,100,,,,,,,,,,,,,,,,,,,,,,,,,,,,,,,,,,,,,,,,,,,,,,,,,100
229,zinic oxide (I),[O-2].[Zn+2],100,,,,,,,,,,,,,,,,,,,,,,,,,,,,,,,,,,,,,,,,,,,,,,,,,100
230,zinic oxide (II),[O-2].[Zn+2],100,,,,,,,,,,,,,,,,,,,,,,,,,,,,,,,,,,,,,,,,,,,,,,,,,100
231,salicylic acid,C1=CC=C(C(=C1)C(=O)O)O,100,,,,,,,,,,,,,,,,,,,,,,,,,,,,,,,,,,,,,,,,,,,,,,,,,100
232,tea polyphenols,C1[C@H]([C@H](OC2=CC(=C(C(=C2)O)O)O)C3=CC(=C(C(=C3C1)O)O)O)OC(=O)C4=CC(=C(C(=C4)O)O)O,38.78,C1[C@H]([C@H](OC2=C(C1)C=C(C(=C2)O)O)O)C3=CC(=C(C(=C3)O)O)O,19.15,CN1C=NC2=C1C(=O)N(C(=O)N2C)C,17.93,Oc1cc(O)c2C[C@@H](OC(=O)c3cc(O)c(O)c(O)c3)[C@H](Oc2c1)c4ccc(O)c(O)c4,10.7,C1[C@H]([C@@H](OC2=C(C1)C=C(C(=C2)O)O)O)C3=CC(=C(C(=C3)O)O)O,6.81,C1[C@H]([C@H](OC2=C(C1)C=C(C(=C2)O)O)O)C3=CC(=C(C=C3)O)O,4.74,C1[C@H]([C@@H](OC2=C(C1)C=C(C(=C2)O)O)O)C3=CC(=C(C=C3)O)O,1.88,,,,,,,,,,,,,,,,,,,,,,,,,,,,,,,,,,,,,99.99
234,polyethelene glycol (PEG) 800,C(CO)O,100,,,,,,,,,,,,,,,,,,,,,,,,,,,,,,,,,,,,,,,,,,,,,,,,,100
235,phosphate buffer,[O-]P(=O)(O)O.[Na+],,O,,,,,,,,,,,,,,,,,,,,,,,,,,,,,,,,,,,,,,,,,,,,,,,,0
236,cold-pressed sesame oil,CCCCCCCCCCCCCC(=O)O,0.1,CCCCCCCCCCCCCCCC(O)=O,10.4,CCCCCC\C=C/CCCCCCCC(O)=O,0.2,CCCCCCCCCCCCCCCCCC(O)=O,5.3,CCCCCCCC/C=C\CCCCCCCC(=O)O,39.5,OC(CCCCCCC/C=C\C/C=C\CCCCC)=O,42.9,CC/C=C\C/C=C\C/C=C\CCCCCCCC(O)=O,0.5,CCCCCCCCCCCCCCCCCCCC(O)=O,0.5,CCCCCCCC/C=C\CCCCCCCCCC(=O)O,0.2,,,,,,,,,,,,,,,,,,,,,,,,,,,,,,,,,99.6
237,L-Cysteine,C([C@@H](C(=O)O)N)S,100,,,,,,,,,,,,,,,,,,,,,,,,,,,,,,,,,,,,,,,,,,,,,,,,,100
238,ethyl alcohol,CCO,100,,,,,,,,,,,,,,,,,,,,,,,,,,,,,,,,,,,,,,,,,,,,,,,,,100
242,Green Tea Essential Oil,,,,,,,,,,,,,,,,,,,,,,,,,,,,,,,,,,,,,,,,,,,,,,,,,,,0
242,Green Tea Essential Oil,CC(=CCCC(C)(C=C)O)C,20.07,CC(=CCCC(=CCO)C)C,20,CC1(C(CC(O1)(C)C=C)O)C,15.5,C1CCC(=O)CC1,7.06,COC(=O)C1=CC=CC=C1O,4.39,CC1(C(CC(O1)(C)C=C)O)C,3.75,C1=CC=C(C=C1)CCO,1.36,CC(=CCCC(=CCCC(=CCO)C)C)C,1.39,CC(=CCCC(=CC=O)C)C,0.95,C1=CC=C(C=C1)CO,0.89,CC1(C)CC(C)=CC(=O)C1,0.87,CC(=CCCC(=C)C=C)C,0.58,CC1=CCC2C(C1)C(CC=C2C)C(C)C,0.57,CCCCCCC=O,0.55,CC1CCCC1=O,0.47,CC(=CCCC(=CCO)C)C,0.47,C1=CC=C(C=C1)CC=O,0.33,CC/C=C\CC1=C(C)C(=O)CC1,0.31,,,,,,,,,,,,,,,79.51
244,Potassium hydroxide,[OH-].[K+],100,,,,,,,,,,,,,,,,,,,,,,,,,,,,,,,,,,,,,,,,,,,,,,,,,100
245,Carvacrol,CC1=C(C=C(C=C1)C(C)C)O,100,,,,,,,,,,,,,,,,,,,,,,,,,,,,,,,,,,,,,,,,,,,,,,,,,100
246,Zein,C[C@H]([C@@H](C(=O)O)N)O,1.8,CSCC[C@@H](C(=O)O)N,1.1,C1=CC=C(C=C1)C[C@@H](C(=O)O)N,3.4,C1=C(NC=N1)C[C@@H](C(=O)O)N,1.1,CCC(CC1=CC=CC=C1)CNC(=O)C2=CC3=C(C=C2)SC4=CC=CC=C4C(=O)N3,1,CC(C)[C@@H](C(=O)O)N,2.1,CC[C@H](C)[C@@H](C(=O)O)N,1.7,CC(C)C[C@@H](C(=O)O)N,8.8,C(C(C(=O)O)N)O,2.9,C(C(=O)O)N,1.6,C(CC(=O)O)[C@@H](C(=O)O)N,13.1,C1C[C@H](NC1)C(=O)O,5.2,C([C@@H](C(=O)O)N)S,0.3,C[C@@H](C(=O)O)N,4.8,C1=CC(=CC=C1C[C@@H](C(=O)O)N)O,2.7,C(C[C@@H](C(=O)O)N)CN=C(N)N,1.7,,,,,,,,,,,,,,,,,,,53.3
248,Natamycin,C[C@@H]1C/C=C/C=C/C=C/C=C/[C@@H](C[C@H]2[C@@H]([C@H](C[C@](O2)(C[C@H](C[C@@H]3[C@H](O3)/C=C/C(=O)O1)O)O)O)C(=O)O)O[C@H]4[C@H]([C@H]([C@@H]([C@H](O4)C)O)N)O,100,,,,,,,,,,,,,,,,,,,,,,,,,,,,,,,,,,,,,,,,,,,,,,,,,100
249,Epigallocatechin gallate,C1[C@H]([C@H](OC2=CC(=CC(=C21)O)O)C3=CC(=C(C(=C3)O)O)O)OC(=O)C4=CC(=C(C(=C4)O)O)O,100,,,,,,,,,,,,,,,,,,,,,,,,,,,,,,,,,,,,,,,,,,,,,,,,,100
258,Glacial acetic acid,CC(=O)O,100,,,,,,,,,,,,,,,,,,,,,,,,,,,,,,,,,,,,,,,,,,,,,,,,,100
260,Lactoferrin,C[C@@H](C(=O)O)N,9.9,C(C[C@@H](C(=O)O)N)CN=C(N)N,5.2,C([C@@H](C(=O)O)N)C(=O)N,4.1,C([C@@H](C(=O)O)N)C(=O)N,5.1,C([C@@H](C(=O)O)N)S,4.9,C(CC(=O)O)[C@@H](C(=O)O)N,5.6,C(C(=O)O)N,7.2,C1=C(NC=N1)C[C@@H](C(=O)O)N,1.4,CC[C@H](C)[C@@H](C(=O)O)N,2.3,CC(C)C[C@@H](C(=O)O)N,10.3,CCC(CC1=CC=CC=C1)CNC(=O)C2=CC3=C(C=C2)SC4=CC=CC=C4C(=O)N3,7.8,CSCC[C@@H](C(=O)O)N,0.7,C1=CC=C(C=C1)C[C@@H](C(=O)O)N,4,C1C[C@H](NC1)C(=O)O,4.4,C(C(C(=O)O)N)O,6.5,C[C@H]([C@@H](C(=O)O)N)O,5.1,C1=CC=C2C(=C1)C(=CN2)C[C@@H](C(=O)O)N,1.8,C1=CC(=CC=C1C[C@@H](C(=O)O)N)O,3,CC(C)[C@@H](C(=O)O)N,6.6,,,,,,,,,,,,,95.9
261,Glycidyltrimethylammonium Chloride,C[N+](C)(C)CC1CO1.[Cl-],100,,,,,,,,,,,,,,,,,,,,,,,,,,,,,,,,,,,,,,,,,,,,,,,,,100
263,Dihydroxybenzaldehyde,C1=CC(=C(C=C1C=O)O)O,100,,,,,,,,,,,,,,,,,,,,,,,,,,,,,,,,,,,,,,,,,,,,,,,,,100
272,Allyl isothiocyanate,C=CCN=C=S,100,,,,,,,,,,,,,,,,,,,,,,,,,,,,,,,,,,,,,,,,,,,,,,,,,100
273,Calcium Lactate Gluconate,CC(C(=O)[O-])O.CC(C(=O)[O-])O.CC(C(=O)[O-])O.CC(C(=O)[O-])O.CC(C(=O)[O-])O.CC(C(=O)[O-])O.C([C@H]([C@H]([C@@H]([C@H](C(=O)[O-])O)O)O)O)O.C([C@H]([C@H]([C@@H]([C@H](C(=O)[O-])O)O)O)O)O.C([C@H]([C@H]([C@@H]([C@H](C(=O)[O-])O)O)O)O)O.C([C@H]([C@H]([C@@H]([C@H](C(=O)[O-])O)O)O)O)O.O.O.[Ca+2].[Ca+2].[Ca+2].[Ca+2].[Ca+2],100,,,,,,,,,,,,,,,,,,,,,,,,,,,,,,,,,,,,,,,,,,,,,,,,,100
274,vitamin e,CC1=C(C2=C(CC[C@@](O2)(C)CCC[C@H](C)CCC[C@H](C)CCCC(C)C)C(=C1O)C)C,100,,,,,,,,,,,,,,,,,,,,,,,,,,,,,,,,,,,,,,,,,,,,,,,,,100
275,acetylation Monoglycerides,CCCCCCCCCCCCCCCCCCOCC(CO)OC(=O)C,100,,,,,,,,,,,,,,,,,,,,,,,,,,,,,,,,,,,,,,,,,,,,,,,,,100
276,olive phenolic compounds,C[C@H]1[C@@H]([C@H]([C@H]([C@@H](O1)O[C@@H]2[C@H]([C@@H](O[C@@H]([C@H]2OC(=O)/C=C/C3=CC(=C(C=C3)O)O)CO)OCCC4=CC(=C(C=C4)O)O)O)O)O)O,80.62,C1=CC(=C(C=C1CCO)O)O,10.41,C[C@H]1[C@@H]([C@H]([C@H]([C@@H](O1)O[C@@H]2[C@H]([C@@H](O[C@@H]([C@H]2OC(=O)/C=C/C3=CC(=C(C=C3)O)O)CO)OCCC4=CC(=C(C=C4)O)O)O)O)O)O,1.68,C1=CC(=C(C=C1C2=CC(=O)C3=C(C=C(C=C3O2)O[C@H]4[C@@H]([C@H]([C@@H]([C@H](O4)CO)O)O)O)O)O)O,4.25,C[C@H]1[C@@H]([C@H]([C@H]([C@@H](O1)O[C@@H]2[C@H](OC3=C(C=C(C=C3O)O)C(=O)C=C(O2)C4=CC(=C(C=C4)O)O)CO)O)O)O,1.14,C1=CC(=CC=C1C2=CC(=O)C3=C(C=C(C=C3O2)OC4[C@@H]([C@H]([C@@H]([C@H](O4)CO)O)O)O)O)O,1.16,C1=CC(=CC=C1CCO)O,0.75,,,,,,,,,,,,,,,,,,,,,,,,,,,,,,,,,,,,,100.01
279,Carboxylated Nanoparticles,C=CC1=CC=CC=C1,100,,,,,,,,,,,,,,,,,,,,,,,,,,,,,,,,,,,,,,,,,,,,,,,,,100
282,Carboxymethyl chitosan,C([C@@H]1[C@H]([C@@H]([C@H](C(O1)O)N)O)O)O,100,,,,,,,,,,,,,,,,,,,,,,,,,,,,,,,,,,,,,,,,,,,,,,,,,100
283,inulin,C([C@@H]1[C@H]([C@@H]([C@](O1)(CO)O)O)O)O,100,,,,,,,,,,,,,,,,,,,,,,,,,,,,,,,,,,,,,,,,,,,,,,,,,100
286,Carrageenan oligosaccharides,C([C@@H]1[C@@H]([C@@H]([C@H]([C@@H](O1)O)O)O)O)O,50,C1[C@@H]2[C@@H]([C@H](O1)[C@H]([C@H](O2)O)O)O,50,,,,,,,,,,,,,,,,,,,,,,,,,,,,,,,,,,,,,,,,,,,,,,,100
287,cellulose,OC[C@H]1O[C@@H](O)[C@H](O)[C@@H](O)[C@@H]1O,100,,,,,,,,,,,,,,,,,,,,,,,,,,,,,,,,,,,,,,,,,,,,,,,,,100
294,olive leaf extract,C[C@H]1[C@@H]([C@H]([C@H]([C@@H](O1)O[C@@H]2[C@H]([C@@H](O[C@@H]([C@H]2OC(=O)/C=C/C3=CC(=C(C=C3)O)O)CO)OCCC4=CC(=C(C=C4)O)O)O)O)O)O,80.62,C1=CC(=C(C=C1CCO)O)O,10.41,C[C@H]1[C@@H]([C@H]([C@H]([C@@H](O1)O[C@@H]2[C@H]([C@@H](O[C@@H]([C@H]2OC(=O)/C=C/C3=CC(=C(C=C3)O)O)CO)OCCC4=CC(=C(C=C4)O)O)O)O)O)O,1.68,C1=CC(=C(C=C1C2=CC(=O)C3=C(C=C(C=C3O2)O[C@H]4[C@@H]([C@H]([C@@H]([C@H](O4)CO)O)O)O)O)O)O,4.25,C[C@H]1[C@@H]([C@H]([C@H]([C@@H](O1)O[C@@H]2[C@H](OC3=C(C=C(C=C3O)O)C(=O)C=C(O2)C4=CC(=C(C=C4)O)O)CO)O)O)O,1.14,C1=CC(=CC=C1C2=CC(=O)C3=C(C=C(C=C3O2)OC4[C@@H]([C@H]([C@@H]([C@H](O4)CO)O)O)O)O)O,1.16,C1=CC(=CC=C1CCO)O,0.75,,,,,,,,,,,,,,,,,,,,,,,,,,,,,,,,,,,,,100.01
294,olive leaf extract,C[C@H]1[C@@H]([C@H]([C@H]([C@@H](O1)O[C@@H]2[C@H]([C@@H](O[C@@H]([C@H]2OC(=O)/C=C/C3=CC(=C(C=C3)O)O)CO)OCCC4=CC(=C(C=C4)O)O)O)O)O)O,80.62,C1=CC(=C(C=C1CCO)O)O,10.41,C[C@H]1[C@@H]([C@H]([C@H]([C@@H](O1)O[C@@H]2[C@H]([C@@H](O[C@@H]([C@H]2OC(=O)/C=C/C3=CC(=C(C=C3)O)O)CO)OCCC4=CC(=C(C=C4)O)O)O)O)O)O,1.68,C1=CC(=C(C=C1C2=CC(=O)C3=C(C=C(C=C3O2)O[C@H]4[C@@H]([C@H]([C@@H]([C@H](O4)CO)O)O)O)O)O)O,4.25,C[C@H]1[C@@H]([C@H]([C@H]([C@@H](O1)O[C@@H]2[C@H](OC3=C(C=C(C=C3O)O)C(=O)C=C(O2)C4=CC(=C(C=C4)O)O)CO)O)O)O,1.14,C1=CC(=CC=C1C2=CC(=O)C3=C(C=C(C=C3O2)OC4[C@@H]([C@H]([C@@H]([C@H](O4)CO)O)O)O)O)O,1.16,C1=CC(=CC=C1CCO)O,0.75,,,,,,,,,,,,,,,,,,,,,,,,,,,,,,,,,,,,,100.01
296,Pomegranate Peel Extract,C1C(C(OC(=O)C2=CC(=C(C(=C2C3=C(C(=C4C5=C3C(=O)OC6=C(C(=C(C7=C(C(=C(C=C7C(=O)O1)O)O)O)C(=C56)C(=O)O4)O)O)O)O)O)O)O)C8C(OC(=O)C9=CC(=C(C(=C9C1=C(C(=C(C=C1C(=O)O8)O)O)O)O)O)O)C=O)O,7.1928,C1=C2C3=C(C(=C1O)O)OC(=O)C4=CC(=C(C(=C43)OC2=O)O)O,3.366,C1=C(C=C(C(=C1O)O)O)C(=O)O,2.8314,COC1=C(C=CC(=C1)C(=O)O)O,1.4076,C1=CC(=C(C=C1C2=CC(=O)C3=C(C=C(C=C3O2)O)O)O)O,1.0242,C1=CC(=C(C=C1/C=C/C(=O)O)O)O,0.7866,CC(=O)OCC1C(C(C(C(O1)OC2=CC3=C(C=C(C=C3[O+]=C2C4=CC(=C(C(=C4)OC)O)OC)O)O)O)O)O,0.7326,C1[C@H]([C@H](OC2=CC(=CC(=C21)O)O)C3=CC(=C(C=C3)O)O)OC(=O)C4=CC(=C(C(=C4)O)O)O,0.6588,,,,,,,,,,,,,,,,,,,,,,,,,,,,,,,,,,,18
297,glycerin　 monostearate,CCCCCCCCCCCCCCCCCC(=O)OCC(CO)O,100,,,,,,,,,,,,,,,,,,,,,,,,,,,,,,,,,,,,,,,,,,,,,,,,,100
298,glycerol General Merchandise Store,OCC(O)CO,100,,,,,,,,,,,,,,,,,,,,,,,,,,,,,,,,,,,,,,,,,,,,,,,,,100
299,stearic acid General Merchandise Store,CCCCCCCCCCCCCCCCCC(=O)O,100,,,,,,,,,,,,,,,,,,,,,,,,,,,,,,,,,,,,,,,,,,,,,,,,,100
300,Total Glycerol,OCC(O)CO,100,,,,,,,,,,,,,,,,,,,,,,,,,,,,,,,,,,,,,,,,,,,,,,,,,100
301,gluten,C[C@@H](C(=O)O)N,2.9,C(C[C@@H](C(=O)O)N)CN=C(N)N,4.3,C([C@@H](C(=O)O)N)C(=O)N,4.4,C([C@@H](C(=O)O)N)S,2,C(CC(=O)O)[C@@H](C(=O)O)N,36.5,C(C(=O)O)N,3.6,C1=C(NC=N1)C[C@@H](C(=O)O)N,2.1,CC[C@H](C)[C@@H](C(=O)O)N,3.7,CC(C)C[C@@H](C(=O)O)N,6.7,CCC(CC1=CC=CC=C1)CNC(=O)C2=CC3=C(C=C2)SC4=CC=CC=C4C(=O)N3,1.9,CSCC[C@@H](C(=O)O)N,1.4,C1=CC=C(C=C1)C[C@@H](C(=O)O)N,5.3,C1C[C@H](NC1)C(=O)O,12,C(C(C(=O)O)N)O,5.1,C[C@H]([C@@H](C(=O)O)N)O,2.7,C1=CC=C2C(=C1)C(=CN2)C[C@@H](C(=O)O)N,0.8,C1=CC(=CC=C1C[C@@H](C(=O)O)N)O,3.3,CC(C)[C@@H](C(=O)O)N,4,,,,,,,,,,,,,,,102.7
306,Hydroxypropyl methylcellulose,C([C@@H]1[C@H]([C@@H]([C@H]([C@@H](O1)O)O)O)O)O,100,,,,,,,,,,,,,,,,,,,,,,,,,,,,,,,,,,,,,,,,,,,,,,,,,100
307,choline chloride,C[N+](C)(C)CCO.[Cl-],100,,,,,,,,,,,,,,,,,,,,,,,,,,,,,,,,,,,,,,,,,,,,,,,,,100
310,Astaxanthin,CC1=C(C(C[C@@H](C1=O)O)(C)C)/C=C/C(=C/C=C/C(=C/C=C/C=C(/C=C/C=C(/C=C/C2=C(C(=O)[C@H](CC2(C)C)O)C)\C)\C)/C)/C,100,,,,,,,,,,,,,,,,,,,,,,,,,,,,,,,,,,,,,,,,,,,,,,,,,100
317,Citrus peel extract,C[C@H]1[C@@H]([C@H]([C@H]([C@@H](O1)OC[C@@H]2[C@H]([C@@H]([C@H]([C@@H](O2)OC3=CC(=C4C(=O)C[C@H](OC4=C3)C5=CC(=C(C=C5)OC)O)O)O)O)O)O)O)O,10,COC1=C(C=C(C=C1)C2=CC(=O)C3=C(O2)C(=C(C(=C3OC)OC)OC)OC)OC,9,COC1=CC=C(C=C1)C2=CC(=O)C3=C(O2)C(=C(C(=C3OC)OC)OC)OC,4.66,,,,,,,,,,,,,,,,,,,,,,,,,,,,,,,,,,,,,,,,,,,,,23.66
318,Carboxymethyl cellulose sodium salt,C([C@@H]1[C@H]([C@@H]([C@H]([C@@H](O1)O)O)O)O)O,100,,,,,,,,,,,,,,,,,,,,,,,,,,,,,,,,,,,,,,,,,,,,,,,,,100
319,Sodium benzoate,C1=CC=C(C=C1)C(=O)[O-].[Na+],100,,,,,,,,,,,,,,,,,,,,,,,,,,,,,,,,,,,,,,,,,,,,,,,,,100
328,Tween 60,CCCCCCCCCCCCCCCCCC(=O)OCCOCC(C1C(C(CO1)OCCOC)OCCOC)OCCOC,100,,,,,,,,,,,,,,,,,,,,,,,,,,,,,,,,,,,,,,,,,,,,,,,,,100
329,Roselle extract,,,,,,,,,,,,,,,,,,,,,,,,,,,,,,,,,,,,,,,,,,,,,,,,,,,0
329,Roselle extract,OC(=O)C1OC(=O)C@H[C@H]1C(O)C(=O)O,18,OC(=O)CC(O)(CC(=O)O)C(=O)O,15,OC(=O)CC(O)C(=O)O,5,OC(=O)C(O)C(O)C(=O)O,2,C1=C(C=C(C(=C1O)O)O)C2=[O+]C3=CC(=CC(=C3C=C2OC4C(C(C(C(O4)CO)O)OC5C(C(C(O5)O)O)O)O)O)O,1.5,C1=CC(=C(C=C1C2=[O+]C3=CC(=CC(=C3C=C2OC4C(C(C(C(O4)CO)O)OC5C(C(C(O5)O)O)O)O)O)O)O)O,0.5,OC1=CC2=C(C(O)=C1)C(=O)C(OC3=CC(O)C(O)C(O)O3)=C(C2=O)C4=CC=C(O)C=C4,0.3,OC1=CC=C(C=C1)C2=C(O)C(=O)C3=C(O2)C=C(O)C=C3O,0.2,OC1=CC(O)=C2C(=O)C(OC3OC(CO)C(O)C(O)C3O)=C(OC2=C1)C4=CC(O)=C(O)C(O)=C4,0.1,OC(=O)CCC1=CC(O)=C(O)C=C1,0.2,OC(=O)C1=CC(O)=C(O)C=C1,0.15,OCC@H[C@@H]1OC(=O)C(O)=C1O,0.1,OC[C@H]1OC(O)C@@HC@@H[C@H]1O,4,OC[C@H]1OC(O)C@@HC@H[C@@H]1O,3,OCC1OC(O)C(O)C(O)C1O,1,OC1=CC(O)=C2C(=O)C(O)=C(OC2=C1O)C3=CC(O)=C(O)C=C3,0.1,OC1=CC(O)=C2C(=O)C(O)=C(OC2=C1O)C3=CC(O)=C(O)C(O)=C3,0.1,OC1=CC=C(C=C1)C=CC(=O)OC2C@HC(O)C@@HC@H[C@H]2C(=O)O,0.05,,,,,,,,,,,,,,,51.3
330,Hydroxypropyl trimethyl ammonium chloride chitosan,C([C@@H]1[C@H]([C@@H]([C@H](C(O1)O)N)O)O)O,100,,,,,,,,,,,,,,,,,,,,,,,,,,,,,,,,,,,,,,,,,,,,,,,,,100
335,Choline chloride,C[N+](C)(C)CCO.[Cl-],100,,,,,,,,,,,,,,,,,,,,,,,,,,,,,,,,,,,,,,,,,,,,,,,,,100
339,Levulinic Acid,CC(=O)CCC(=O)O,100,,,,,,,,,,,,,,,,,,,,,,,,,,,,,,,,,,,,,,,,,,,,,,,,,100
340,Allyl isothiocyanate,C=CCN=C=S,100,,,,,,,,,,,,,,,,,,,,,,,,,,,,,,,,,,,,,,,,,,,,,,,,,100
342,Candelilla wax,CCCCCCCCCCCCCCCCCCCCCCCCCCCCCCC,49.5,CCCCCCCCCCCCCCCCCCCCCCCCCCCCCCOC(=O)CCCCCCCCCCCCCCC,24.5,CC[C@H](CC[C@@H](C)[C@H]1CC[C@@H]2[C@@]1(CC[C@H]3[C@H]2CC=C4[C@@]3(CC[C@@H](C4)O)C)C)C(C)C,13,CCCCCCCCCCCCCCCC(=O)O,7.5,,,,,,,,,,,,,,,,,,,,,,,,,,,,,,,,,,,,,,,,,,,94.5
343,Hydroxypropyl-β-cyclodextrin complex,C([C@@H]1[C@H]([C@@H]([C@H]([C@@H](O1)O)O)O)O)O,100,,,,,,,,,,,,,,,,,,,,,,,,,,,,,,,,,,,,,,,,,,,,,,,,,100
350,polyethylene glycol,C(CO)O,100,,,,,,,,,,,,,,,,,,,,,,,,,,,,,,,,,,,,,,,,,,,,,,,,,100
354,Medium Chain Triglycerides,CCCCCCCC(=O)OCC(COC(=O)CCCCCCC)OC(=O)CCCCCCC,100,,,,,,,,,,,,,,,,,,,,,,,,,,,,,,,,,,,,,,,,,,,,,,,,,100
357,PSPA,COc1cc(cc(O)c1O)C2=[O+]C3=CC(=CC(=C3C=C2OC4C(C(C(C(O4)CO)O)OC5C(C(C(C(O5)COC(=O)C=Cc6cc(OC)c(O)cc6)O)O)OC(=O)C=Cc7cc(O)c(O)cc7)O)OC8C(C(C(C(O8)CO)O)O)O)O,28.3,COc1cc(cc(O)c1O)C2=[O+]C3=CC(=CC(=C3C=C2OC4C(C(C(C(O4)CO)O)OC5C(C(C(C(O5)COC(=O)C=Cc6cc(O)c(O)cc6)O)O)O)O)OC7C(C(C(C(O7)CO)O)O)O)O,18.4,COc1cc(cc(O)c1O)C2=[O+]C3=CC(=CC(=C3C=C2OC4C(C(C(C(O4)CO)O)OC5C(C(C(C(O5)COC(=O)C=Cc6cc(O)c(O)cc6)O)O)OC(=O)C=Cc7cc(O)cc(O)c7)O)OC8C(C(C(C(O8)CO)O)O)O)O,12.3,Oc1cc(cc(O)c1O)C2=[O+]C3=CC(=CC(=C3C=C2OC4C(C(C(C(O4)CO)O)OC5C(C(C(C(O5)COC(=O)C=Cc6cc(O)c(O)cc6)O)O)OC(=O)C=Cc7cc(O)cc(O)c7)O)OC8C(C(C(C(O8)CO)O)O)O)O,10.5,COc1cc(cc(O)c1O)C2=[O+]C3=CC(=CC(=C3C=C2OC4C(C(C(C(O4)CO)O)OC5C(C(C(C(O5)COC(=O)Cc6ccc(O)cc6)O)O)O)O)OC7C(C(C(C(O7)CO)O)O)O)O,4.8,Oc1cc(cc(O)c1O)C2=[O+]C3=CC(=CC(=C3C=C2OC4C(C(C(C(O4)CO)O)OC5C(C(C(C(O5)COC(=O)C=Cc6cc(OC)c(O)cc6)O)O)OC(=O)C=Cc7cc(O)c(O)cc7)O)OC8C(C(C(C(O8)CO)O)O)O)O,4.5,Oc1cc(cc(O)c1O)C2=[O+]C3=CC(=CC(=C3C=C2OC4C(C(C(C(O4)CO)O)OC5C(C(C(C(O5)COC(=O)C=Cc6cc(O)c(O)cc6)O)O)O)O)OC7C(C(C(C(O7)CO)O)O)O)O,3.2,COc1cc(cc(O)c1O)C2=[O+]C3=CC(=CC(=C3C=C2OC4C(C(C(C(O4)CO)O)OC5C(C(C(C(O5)CO)O)O)O)O)OC6C(C(C(C(O6)CO)O)O)O)O,2.1,Oc1cc(cc(O)c1O)C2=[O+]C3=CC(=CC(=C3C=C2OC4C(C(C(C(O4)CO)O)OC5C(C(C(C(O5)CO)O)O)O)O)OC6C(C(C(C(O6)CO)O)O)O)O,1.8,OC(=O)C1C(O)C(O)C(OC(=O)C=Cc2cc(O)c(O)cc2)C(OC(=O)C=Cc3cc(O)c(O)cc3)C1,1.5,OC(=O)C1C(O)C(O)C(OC(=O)C=Cc2cc(O)c(O)cc2)C(O)C1OC(=O)C=Cc3cc(O)c(O)cc3,1,OC(=O)C1C(O)C(OC(=O)C=Cc2cc(O)c(O)cc2)C(O)C(O)C1,2.5,OC(=O)C=Cc1cc(O)c(O)cc1,0.5,COc1cc(C=CC(=O)O)ccc1O,0.3,OC(=O)c1ccc(O)cc1,0.2,OC1(CC(O)C(O)C(O)C1)C(=O)O,1,OC(=O)CC(O)C(=O)O,0.8,OC[C@H]1OC(O)C@@HC@@H[C@H]1O,1.5,,,,,,,,,,,,,,,95.2
358,AgNPs,[Ag],100,,,,,,,,,,,,,,,,,,,,,,,,,,,,,,,,,,,,,,,,,,,,,,,,,100
359,PEG-600,C(CO)O,100,,,,,,,,,,,,,,,,,,,,,,,,,,,,,,,,,,,,,,,,,,,,,,,,,100
364,TG enzyme,OC(=O)C[C@H](N)C(=O)O,9.4,NCC(=O)O,8.8,OC[C@H](N)C(=O)O,8.5,CC(C)[C@@H](C(=O)O)N,7.6,N=C(N)NCCC[C@H](N)C(=O)O,7.6,C[C@@H](C(=O)O)N,6.3,Oc1ccc(cc1)C[C@H](N)C(=O)O,6.3,CC(C)C[C@@H](C(=O)O)N,6,NCCCC[C@H](N)C(=O)O,5.7,OC(=O)CC[C@H](N)C(=O)O,5.7,OC(=O)[C@@H]1CCCN1,5.4,NC(=O)C[C@H](N)C(=O)O,5.1,C[C@H](O)[C@@H](C(=O)O)N,5.1,C1=CC=C2C(=C1)C(=CN2)C[C@@H](C(=O)O)N,3.3,c1ccc(cc1)C[C@H](N)C(=O)O,2.7,c1c([nH]cn1)C[C@H](N)C(=O)O,2.1,CC[C@H](C)[C@@H](C(=O)O)N,1.8,CSCC[C@H](N)C(=O)O,1.2,NC(=O)CC[C@H](N)C(=O)O,0.9,C([C@@H](C(=O)O)N)S,0.3,,,,,,,,,,,99.8
368,ciral,CC(=CCC/C(=C/C=O)/C)C,100,,,,,,,,,,,,,,,,,,,,,,,,,,,,,,,,,,,,,,,,,,,,,,,,,100
371,garlic essential oil,C=CCSSCC=C,37.9,C=CCSSSCC=C,28.06,C=CCSSSC,7.26,C=CCSCC=C,6.59,C=CCSSSSCC=C,4.14,C=CCSSC,3.69,,,,,,,,,,,,,,,,,,,,,,,,,,,,,,,,,,,,,,,87.64
372,xyloglucan,C([C@@H]1[C@H]([C@@H]([C@H]([C@@H](O1)O)O)O)O)O,50,C1[C@H]([C@@H]([C@H]([C@@H](O1)O)O)O)O,37.5,C([C@@H]1[C@@H]([C@@H]([C@H]([C@@H](O1)O)O)O)O)O,6,C[C@H]1[C@H]([C@H]([C@@H]([C@@H](O1)O)O)O)O,6,,,,,,,,,,,,,,,,,,,,,,,,,,,,,,,,,,,,,,,,,,,99.5
373,Borassus flabellifer seed coat extract (BFE),C1=CC(=C(C=C1C(=O)O)O)O,0.198,C1=C(C=C(C(=C1O)O)O)C(=O)O,0.06,C1[C@H]([C@H]([C@@H](C[C@@]1(C(=O)O)O)OC(=O)/C=C\C2=CC(=C(C=C2)O)O)O)O,0.035,,,,,,,,,,,,,,,,,,,,,,,,,,,,,,,,,,,,,,,,,,,,,0.293
377,chitosan (DD95.2),C([C@@H]1[C@H]([C@@H]([C@H]([C@@H](O1)O)N)O)O)O,100,,,,,,,,,,,,,,,,,,,,,,,,,,,,,,,,,,,,,,,,,,,,,,,,,100
378,soy protein isolate,NC(CCC(=O)O)C(=O)O,17.45,NC(CC(=O)O)C(=O)O,10.2,CC(C)CC(N)C(=O)O,7.02,NC(CCCN=C(N)N)C(=O)O,6.78,NCCCCC(N)C(=O)O,5.48,NC(CO)C(=O)O,4.51,NC(CC1=CC=CC=C1)C(=O)O,4.54,C1CC(NC1)C(=O)O,4.45,CC(C)C(N)C(=O)O,4.29,CCC(C)C(N)C(=O)O,4.25,CC(N)C(=O)O,3.65,NCC(=O)O,3.6,NC(CC1=CC=C(O)C=C1)C(=O)O,3.32,CC(O)C(N)C(=O)O,3.14,NC(CC1=CN=CN1)C(=O)O,2.3,CSCCC(N)C(=O)O,1.11,NC(CC1=CNC2=C1C=CC=C2)C(=O)O,1.11,NC(CS)C(=O)O,1.09,,,,,,,,,,,,,,,88.29
379,punicalagin,C1=C(C2=C(C(=C1O)O)C(=O)OC3C(C(OC(=O)C4=CC(=C(C(=C4C5=C(C(=O)OC3O2)C(=C(C=C5)O)O)O)O)O)OC(=O)C6=CC(=C(C7=C6C8=C(C(=O)OC9C(C(OC7=O)C(=O)O9)O)C(=C(C=C8)O)O)O)O)O)O,100,,,,,,,,,,,,,,,,,,,,,,,,,,,,,,,,,,,,,,,,,,,,,,,,,100
381,Native Konjac Flour,C([C@@H]1[C@H]([C@@H]([C@@H]([C@@H](O1)O)O)O)O)O,61.5,C([C@@H]1[C@H]([C@@H]([C@H]([C@@H](O1)O)O)O)O)O,38.5,,,,,,,,,,,,,,,,,,,,,,,,,,,,,,,,,,,,,,,,,,,,,,,100
382,Konjac Glucomannan,C([C@@H]1[C@H]([C@@H]([C@@H]([C@@H](O1)O)O)O)O)O,61.5,C([C@@H]1[C@H]([C@@H]([C@H]([C@@H](O1)O)O)O)O)O,38.5,,,,,,,,,,,,,,,,,,,,,,,,,,,,,,,,,,,,,,,,,,,,,,,100
385,Water Caltrop Pericarp Extract(WCPE),,,,,,,,,,,,,,,,,,,,,,,,,,,,,,,,,,,,,,,,,,,,,,,,,,,0
386,pea protein,C(CC(=O)O)[C@@H](C(=O)O)N,17.1,C([C@@H](C(=O)O)N)C(=O)N,11.7,C(C[C@@H](C(=O)O)N)CN=C(N)N,8.3,CC(C)C[C@@H](C(=O)O)N,8.1,CCC(CC1=CC=CC=C1)CNC(=O)C2=CC3=C(C=C2)SC4=CC=CC=C4C(=O)N3,7.6,C1=CC=C(C=C1)C[C@@H](C(=O)O)N,5.6,CC(C)[C@@H](C(=O)O)N,5.3,C(C(C(=O)O)N)O,5.2,CC[C@H](C)[C@@H](C(=O)O)N,4.7,C[C@@H](C(=O)O)N,4.3,C1C[C@H](NC1)C(=O)O,4.3,C(C(=O)O)N,4.2,C[C@H]([C@@H](C(=O)O)N)O,3.8,C1=CC(=CC=C1C[C@@H](C(=O)O)N)O,3.7,C1=C(NC=N1)C[C@@H](C(=O)O)N,2.6,C([C@@H](C(=O)O)N)S,1.1,CSCC[C@@H](C(=O)O)N,1,C1=CC=C2C(=C1)C(=CN2)C[C@@H](C(=O)O)N,0.9,,,,,,,,,,,,,,,99.5
388,rice protein,NC(CCC(=O)O)C(=O)O,17.6,NC(CC(=O)O)C(=O)O,9.17,CC(C)CC(N)C(=O)O,8.24,NC(CCCNC(N)=N)C(=O)O,8.11,CC(C)C(N)C(=O)O,5.84,NC(Cc1ccccc1)C(=O)O,5.41,CC(N)C(=O)O,5.43,NC(Cc1ccc(O)cc1)C(=O)O,5.14,NC(CO)C(=O)O,4.93,C1CC(NC1)C(=O)O,4.62,CCC(C)C(N)C(=O)O,4.33,NCC(=O)O,4.31,NCCCCC(N)C(=O)O,3.82,CC(O)C(N)C(=O)O,3.72,CSCCC(N)C(=O)O,2.42,NC(Cc1c[nH]cn1)C(=O)O,2.31,NC(CS)C(=O)O,2.12,NC(Cc1c[nH]c2ccccc12)C(=O)O,1.21,,,,,,,,,,,,,,,98.73
389,casein,OC(=O)CC[C@H](N)C(=O)O,21.7,OC(=O)[C@@H]1CCCN1,10.6,CC(C)C[C@@H](C(=O)O)N,9.2,NCCCC[C@H](N)C(=O)O,7.1,OC(=O)C[C@H](N)C(=O)O,6.9,CC(C)[C@@H](C(=O)O)N,6.1,OC[C@H](N)C(=O)O,5.5,Oc1ccc(cc1)C[C@H](N)C(=O)O,4.9,c1ccc(cc1)C[C@H](N)C(=O)O,4.8,CC[C@H](C)[C@@H](C(=O)O)N,4.5,C[C@H](O)[C@@H](C(=O)O)N,3.6,C[C@@H](C(=O)O)N,3.1,N=C(N)NCCC[C@H](N)C(=O)O,2.9,c1c([nH]cn1)C[C@H](N)C(=O)O,2.5,C1=CC=C2C(=C1)C(=CN2)C[C@@H](C(=O)O)N,1.9,NCC(=O)O,1.8,CSCC[C@H](N)C(=O)O,1.6,C([C@@H](C(=O)O)N)S,1.3,,,,,,,,,,,,,,,100
390,Cress seed (CS) mucilage extraction,C([C@@H]1[C@H]([C@@H]([C@@H](C(O1)O)O)O)O)O,38.9,C1[C@H]([C@@H]([C@@H](C(O1)O)O)O)O,19.4,O=C(O)[C@@H]1O[C@H](O)[C@H](O)[C@@H](O)[C@@H]1O,8,C([C@@H]1[C@H]([C@@H](C(O1)(CO)O)O)O)O,6.8,O=C(O)[C@H]1O[C@@H](O)[C@H](O)[C@@H](O)[C@@H]1O,6.7,C([C@@H]1[C@@H]([C@@H]([C@H](C(O1)O)O)O)O)O,4.7,C[C@H]1[C@@H]([C@H]([C@H](C(O1)O)O)O)O,1.9,C([C@@H]1[C@H]([C@@H]([C@H](C(O1)O)O)O)O)O,1,,,,,,,,,,,,,,,,,,,,,,,,,,,,,,,,,,,87.4
391,acetylated monoglyceride,CC(=O)OCC(CO)O,100,,,,,,,,,,,,,,,,,,,,,,,,,,,,,,,,,,,,,,,,,,,,,,,,,100
392,dl-α-tocopheryl acetate,CC(C)CCC[C@@H](C)CCC[C@@H](C)CCC[C@]1(C)CCc2c(C)c(OC(C)=O)c(C)c(C)c2O1,100,,,,,,,,,,,,,,,,,,,,,,,,,,,,,,,,,,,,,,,,,,,,,,,,,100
394,selenium acid,O=[Se](O)O,100,,,,,,,,,,,,,,,,,,,,,,,,,,,,,,,,,,,,,,,,,,,,,,,,,100
395,sodium trimetaphosphate,[O-]P1(=O)OP(=O)(OP(=O)(O1)[O-])[O-].[Na+].[Na+].[Na+],100,,,,,,,,,,,,,,,,,,,,,,,,,,,,,,,,,,,,,,,,,,,,,,,,,100
396,Jackfruit seed starch,C([C@@H]1[C@H]([C@@H]([C@H]([C@H](O1)O)O)O)O)O,100,,,,,,,,,,,,,,,,,,,,,,,,,,,,,,,,,,,,,,,,,,,,,,,,,100
398,pectin(L200),[C@@H]1([C@H]([C@H](O[C@@H]([C@@H]1O)O)C(=O)O)O)O,65,,,,,,,,,,,,,,,,,,,,,,,,,,,,,,,,,,,,,,,,,,,,,,,,,65
399,pectin(L201Y),[C@@H]1([C@H]([C@H](O[C@@H]([C@@H]1O)O)C(=O)O)O)O,65,,,,,,,,,,,,,,,,,,,,,,,,,,,,,,,,,,,,,,,,,,,,,,,,,65
400,pectin(H183),[C@@H]1([C@H]([C@H](O[C@@H]([C@@H]1O)O)C(=O)O)O)O,65,,,,,,,,,,,,,,,,,,,,,,,,,,,,,,,,,,,,,,,,,,,,,,,,,65
401,pectin(H182),[C@@H]1([C@H]([C@H](O[C@@H]([C@@H]1O)O)C(=O)O)O)O,65,,,,,,,,,,,,,,,,,,,,,,,,,,,,,,,,,,,,,,,,,,,,,,,,,65
402,curdlan,C([C@@H]1[C@H]([C@@H]([C@H]([C@@H](O1)O)O)O)O)O,100,,,,,,,,,,,,,,,,,,,,,,,,,,,,,,,,,,,,,,,,,,,,,,,,,100
403,camelia oil,CCCCCCCC/C=C\CCCCCCCC(=O)O,79.24,CCCCC/C=C\C/C=C\CCCCCCCC(=O)O,7.21,CCCCCCCCCCCCCCCC(=O)O,8.35,CCCCCCCCCCCCCCCCCC(=O)O,2.16,CC/C=C\C/C=C\C/C=C\CCCCCCCC(=O)O,0.35,CCCCCCC/C=C\CCCCCCCC(=O)O,0.11,CCCCCCCCCCCCCCCCCCCC(=O)O,0.15,CCCCCCCCCC/C=C\CCCCCCCC(=O)O,0.22,CCCCCCCCCCCCCCCCCCCCCC(=O)O,0.05,CCCCCCCCCCCCCCCCCCCCCCCC(=O)O,0.03,CCCCCCCCCCCCCC(=O)O,0.02,CCCCCCCCCCCCCCCC(=O)O,0.05,CC1(C)CCCC2(C)C1CCC3(C)C2CCC45C3CC=C(C4)C(C)C5(C)C(C)CCCC(C)C,0.05,CCC@HC(C)C,0.21,CC@HC(C)C,0.05,CCC@HC(C)C,0.02,CC1=C(C)C2=C(CCC(C)(CCCC(C)CCCC(C)CCCC(C)C)O2)C=C1O,0.04,CC(C)=CCCC(C)=CCCC(C)=CCCC=C(C)CCC=C(C)CCC=C(C)C,0.05,,,,,,,,,,,,,,,98.36
404,mulberry polypheolic extract (MPE),C1=CC(=C(C=C1C=CC(=O)OC2CC(CC(C2O)O)(C(=O)O)O)O)O,35,CC1OC(OC[C@H]2OC(OC3=C(OC4=CC(O)=CC(O)=C4C3=O)C5=CC=C(O)C(O)=C5)C(O)C(O)C2O)C(O)C(O)C1O,15,C1=CC(=C(C=C1C2=C(C(=O)C3=C(C=C(C=C3O2)O)O)OC4C(C(C(C(O4)CO)O)O)O)O)O,10,C1=CC(=CC=C1C2=C(C(=O)C3=C(C=C(C=C3O2)O)O)OC4C(C(C(C(O4)CO)O)O)O)O,5,C1=CC(=C(C=C1C2=C(C(=O)C3=C(C=C(C=C3O2)O)O)O)O)O,2,C1=CC(=CC=C1C2=C(C(=O)C3=C(C=C(C=C3O2)O)O)O)O,1.5,C1=CC(=C(C=C1C=CC(=O)O)O)O,1.2,C1=CC(=CC=C1C=CC(=O)O)O,0.8,COC1=C(C=C(C=C1)C=CC(=O)O)O,0.5,C1=CC(=C(C=C1C(=O)O)O)O,0.4,C1=CC(=C(C(=C1)O)O)C(=O)O,0.3,C1C(C(OC2=CC(=CC(=C21)O)O)C3=CC(=C(C=C3)O)O)O,0.2,C1C(C(OC2=CC(=CC(=C21)O)O)C3=CC(=C(C=C3)O)O)O,0.2,C1=CC(=C(C=C1C=CC(=O)OC2CC(CC(C2O)O)(C(=O)O)O)O)O,0.15,C1=CC(=C(C=C1C=CC(=O)OC2CC(CC(C2O)O)(C(=O)O)O)O)O,0.15,C1=CC(=C(C=C1C2=C(C(=O)C3=C(C=C(C=C3O2)O)O)O)O)O,0.1,COC1=CC(=CC(=C1O)OC)C(=O)O,0.05,COC1=CC(=CC=C1O)C(=O)O,0.05,,,,,,,,,,,,,,,72.6
405,Guava Leaf Ethanolic Extracts,O[C@@H]1C@@HOC(O[C@H]1O)c2c(oc3cc(O)cc(O)c3c2=O)-c4ccc(O)c(O)c4,14.2,OCC1OC@@HC@@H[C@@H]1O,12.8,C[C@H]1OC@@HC@HC@@H[C@H]1O,10.5,OCC1OC@@HC@HC@@H[C@H]1O,6.4,OCC1OC@@HC@HC@@H[C@@H]1O,4.2,Oc1cc(O)c2c(c1)oc(c(O)c2=O)-c3ccc(O)c(O)c3,2.1,Oc1cc(O)c2c(c1)OC(c3ccc(O)c(O)c3)C(O)C2,1.8,Oc1cc(O)c2c(c1)OC(c3ccc(O)c(O)c3)C@@HC2,1.5,OC(=O)c1cc(O)c(O)c(O)c1,2.5,O=C1Oc2c(O)c(O)cc3c2-c4c1cc(O)c(O)c4C(=O)O3,1.2,OC(=O)CC(O)C1=CC(O)=C(O)C=C1,0.8,OC(=O)/C=C/c1ccc(O)c(O)c1,0.4,OC(=O)/C=C/c1cc(O)c(OC)cc1,0.3,Oc1cc(O)c2c(c1)oc(c(O)c2=O)-c3cc(O)c(O)c(O)c3,0.2,Oc1cc(O)c2c(c1)oc(c(O)c2=O)-c3ccc(O)cc3,0.15,OC(=O)c1cc(O)c(O)cc1,0.35,CC1OC(OCC2OC(Oc3c(oc4cc(O)cc(O)c4c3=O)-c5ccc(O)c(O)c5)C(O)C(O)C2O)C(O)C(O)C1O,0.5,Oc1cc(O)c2c(c1)oc(cc2=O)-c3ccc(O)cc3,0.1,,,,,,,,,,,,,,,60
406,Guava Leaf Water Extracts,O[C@@H]1C@@HOC(O[C@H]1O)c2c(oc3cc(O)cc(O)c3c2=O)-c4ccc(O)c(O)c4,15.6,OCC1OC@@HC@@H[C@@H]1O,13.1,C[C@H]1OC@@HC@HC@@H[C@H]1O,9.8,OCC1OC@@HC@HC@@H[C@H]1O,7.2,OCC1OC@@HC@HC@@H[C@@H]1O,5.1,Oc1cc(O)c2c(c1)oc(c(O)c2=O)-c3ccc(O)c(O)c3,2.5,Oc1cc(O)c2c(c1)OC(c3ccc(O)c(O)c3)C(O)C2,2.1,Oc1cc(O)c2c(c1)OC(c3ccc(O)c(O)c3)C@@HC2,1.9,OC(=O)c1cc(O)c(O)c(O)c1,3.2,O=C1Oc2c(O)c(O)cc3c2-c4c1cc(O)c(O)c4C(=O)O3,1.8,OC(=O)CC(O)C1=CC(O)=C(O)C=C1,1.1,OC(=O)/C=C/c1ccc(O)c(O)c1,0.6,OC(=O)/C=C/c1cc(O)c(OC)cc1,0.4,Oc1cc(O)c2c(c1)oc(c(O)c2=O)-c3cc(O)c(O)c(O)c3,0.3,Oc1cc(O)c2c(c1)oc(c(O)c2=O)-c3ccc(O)cc3,0.2,OC(=O)c1cc(O)c(O)cc1,0.5,CC1OC(OCC2OC(Oc3c(oc4cc(O)cc(O)c4c3=O)-c5ccc(O)c(O)5)C(O)C(O)C2O)C(O)C(O)C1O,0.8,Oc1cc(O)c2c(c1)oc(cc2=O)-c3ccc(O)cc3,0.15,,,,,,,,,,,,,,,66.35
407,pomelo peel flour (PPF),[C@@H]1([C@H]([C@H](O[C@@H]([C@@H]1O)O)C(=O)O)O)O,33,C([C@@H]1[C@H]([C@@H]([C@H]([C@@H](O1)O)O)O)O)O,50,,,,,,,,,,,,,,,,,,,,,,,,,,,,,,,,,,,,,,,,,,,,,,,83
408,black soybean seed coat extract (BSSCE),C1=CC(=C(C=C1C2=[O+]C3=CC(=CC(=C3C=C2OC4C(C(C(C(O4)CO)O)O)O)O)O)O)O,75.2,C1=C(C=C(C(=C1O)O)O)C2=[O+]C3=CC(=CC(=C3C=C2OC4C(C(C(C(O4)CO)O)O)O)O)O,4.8,COC1=C(C=C(C=C1O)C2=[O+]C3=CC(=CC(=C3C=C2OC4C(C(C(C(O4)CO)O)O)O)O)O)O,1.5,C1C(C(OC2=CC(=CC(=C21)O)O)C3=CC(=C(C=C3)O)O)O,1.2,C1C(C(OC2=CC(=CC(=C21)O)O)C3=CC(=C(C=C3)O)O)O,0.8,CC1(C)OC2CC3(C)C(CC(O)C4C5(C)CCC(OC6OC(CO)C(O)C(O)C6O)C(C)(C)C5CCC34C)C2(C)O1,0.5,CC1(C)OC2CC3(C)C(CC(O)C4C5(C)CCC(OC6OC(CO)C(O)C(O)C6O)C(C)(C)C5CCC34C)C2(C)O1,0.3,C1=CC(=CC=C1C2C(C(=O)C3=C(O2)C=C(O)C=C3O)O)O,0.4,CC1OC(OC[C@H]2OC(OC3=CC(=CC4=C3OC(CC4=O)C5=CC=C(O)C=C5)O)C(O)C(O)C2O)C(O)C(O)C1O,0.2,C1=CC(=CC=C1C2=C(C(=O)C3=C(O2)C=C(O)C=C3O)O)OC4C(C(C(C(O4)CO)O)O)O,0.15,C1=CC(=CC=C1C2=C(C(=O)C3=C(O2)C=C(O)C=C3O)O)OC4C(C(C(C(O4)CO)O)O)O,0.1,C1=CC(=CC=C1C2=C(C(=O)C3=C(O2)C=C(O)C=C3O)O)OC4C(C(C(C(O4)CO)O)O)O,0.05,OC(=O)C1=CC(O)=C(O)C(O)=C1,1.8,OC(=O)C1=CC=C(O)C=C1,0.5,OC(=O)C=CC1=CC(O)=C(O)C=C1,0.4,OC(=O)C=CC1=CC=C(O)C=C1,0.2,OC(=O)C=CC1=CC(OC)=C(O)C=C1,0.1,OC1=CC(O)=C2C(=O)C=C(OC2=C1)C3=CC=C(O)C=C3,0.05,,,,,,,,,,,,,,,88.25
409,pomegranate flesh extract (PFE),OC[C@H]1OC(O)C@HC@@H[C@H]1O,38.5,OC[C@H]1OC(O)C@@HC@@H[C@H]1O,32.4,OC(=O)CC(O)(CC(=O)O)C(=O)O,8.2,O=C1OC2C(OC(=O)c3cc(O)c(O)c(O)c3-c4c(O)c(O)cc5c4C(=O)OC6C(OC(=O)c7cc(O)c(O)c(O)c7-c8c(O)c(O)cc1c8)OC(O)C(O)C6O2),6.5,OC(=O)CC(O)C(=O)O,1.5,Oc1cc2c(cc1O)OC(c3ccc(O)c(O)c3)C(O)C2,0.8,Oc1cc(O)c2c(c1)oc(c(O)c2=O)-c3ccc(O)c(O)c3,0.1,C1=CC(=C(C=C1C2=[O+]C3=CC(=CC(=C3C=C2OC4C(C(C(C(O4)CO)O)O)O)O)O)O)O,0.4,C1=CC(=C(C=C1C2=[O+]C3=CC(=CC(=C3C=C2OC4C(C(C(C(O4)CO)O)O)OC5C(C(C(C(O5)CO)O)O)O)O)O)O)O,0.3,C1=CC=C(C=C1C2=[O+]C3=CC(=CC(=C3C=C2OC4C(C(C(C(O4)CO)O)O)O)O)O)O,0.2,C1=CC=C(C=C1C2=[O+]C3=CC(=CC(=C3C=C2OC4C(C(C(C(O4)CO)O)O)OC5C(C(C(C(O5)CO)O)O)O)O)O)O,0.1,OC(=O)c1cc(O)c(O)c(O)c1,0.2,O=C1Oc2c(O)c(O)cc3c2-c4c1cc(O)c(O)c4C(=O)O3,0.5,C1=CC(=C(C=C1C=CC(=O)OC2CC(CC(C2O)O)(C(=O)O)O)O)O,0.1,Oc1cc(O)c2c(c1)oc(c(O)c2=O)-c3cc(O)c(O)c(O)c3,0.05,CC1OC(OC[C@H]2OC(OC3=C(OC4=CC(O)=CC(O)=C4C3=O)C5=CC=C(O)C(O)C5)C(O)C(O)C2O)C(O)C(O)C1O,0.05,OCC@@HC@@HC@HC@HCO,0.1,OCC@HC@HC@@HC@@HCO,0.05,,,,,,,,,,,,,,,90.05
410,chive root extract (CRE),OC[C@H]1OC(O)C@HC@@H[C@H]1O,32.4,OC[C@H]1OC(O)C@@HC@@H[C@H]1O,21.5,OC[C@H]1OC@@HC(O)C(O)C(O)CO,12.2,CS(=O)CC(N)C(=O)O,2.1,C=CCS(=O)CC(N)C(=O)O,0.8,CCCS(=O)CC(N)C(=O)O,0.4,NC(CCCNC(N)=N)C(=O)O,1.5,NC(CCC(=O)O)C(=O)O,1.2,NC(CC(N)=O)C(=O)O,0.8,C1=CC(=CC=C1C2=C(C(=O)C3=C(O2)C=C(O)C=C3O)O)O,0.15,C1=CC(=C(C=C1C2=C(C(=O)C3=C(O2)C=C(O)C=C3O)O)O)O,0.1,[K+],2.8,[Ca+2],0.4,[Mg+2],0.2,CC1CCC2(C(C1)C3C(C2)CC4C3(CCC5C4CC(C(C5)C)OC6C(C(C(C(O6)CO)O)O)O)C)O,0.6,OCC@H[C@@H]1OC(=O)C(O)=C1O,0.1,OC(=O)/C=C/c1ccc(O)cc1,0.05,COC1=C(O)C=CC(=C1)/C=C/C(=O)O,0.05,,,,,,,,,,,,,,,77.35
411,banana peels extract (BPE),NCCc1ccc(O)c(O)c1,22.4,OC[C@H]1OC(O)C@HC@@H[C@H]1O,18.5,OC[C@H]1OC(O)C@@HC@@H[C@H]1O,15.2,Oc1cc(O)c2c(c1)OC(c3ccc(O)c(O)c3)C(O)C2,4.8,Oc1cc(O)c2c(c1)OC(c3ccc(O)c(O)c3)C@@HC2,3.5,Oc1cc(O)c2c(c1)OC(c3cc(O)c(O)c(O)c3)C(O)C2,2.1,OC(=O)c1cc(O)c(O)c(O)c1,1.8,O=C(O)c1cc(O)c(O)cc1,0.8,OC(=O)c1ccc(O)cc1,0.4,OC(=O)CCC1=CC(O)=C(O)C=C1,0.3,OC(=O)/C=C/c1ccc(O)c(O)c1,0.25,OC(=O)/C=C/c1ccc(O)cc1,0.15,NC@@HC(=O)O,0.1,NC(CC1=CN=CN1)C(=O)O,0.05,[K+],6.5,[Mg+2],1.2,[Ca+2],0.5,OC1=CC=C(C=C1)C=CC(=O)OC2C(O)C(O)C(O)C(O)C2O,0.05,,,,,,,,,,,,,,,78.6
412,dihydromyricetin,OC1=CC(O)=C2C(=C1)OC(C@@HC2=O)C3=CC(O)=C(O)C(O)=C3,98.2,OC1=CC(O)=C2C(=O)C(O)=C(OC2=C1)C3=CC(O)=C(O)C(O)=C3,0.8,CC1OC(OC2C(O)C(O)C(OC3=CC(O)=CC(=C23)O)C4=CC(O)=C(O)C(O)=C4)C(O)C(O)C1O,0.2,OC1=CC(O)=C2C(=C1)OC(C@@HC2=O)C3=CC(O)=C(O)C=C3,0.15,OC1=CC(O)=C2C(=C1)OC(C@@HC2=O)C3=CC=C(O)C=C3,0.05,OC1=CC(O)=C2C(=O)C(O)=C(OC2=C1)C3=CC(O)=C(O)C=C3,0.12,OC1=CC(O)=C2C(=O)C(O)=C(OC2=C1)C3=CC=C(O)C=C3,0.08,OC(=O)C1=CC(O)=C(O)C(O)=C1,0.1,COC(=O)C1=CC(O)=C(O)C(O)=C1,0.05,CCOC(=O)C1=CC(O)=C(O)C(O)=C1,0.02,Oc1cc(O)c2c(c1)OC(c3cc(O)c(O)c(O)c3)C(O)C2,0.05,Oc1cc(O)c2c(c1)OC(c3cc(O)c(O)c(O)c3)C@@HC2,0.03,Oc1cc(O)c2c(c1)OC(c3cc(O)c(O)c3)C(O)C2,0.05,OC1=C2C(=CC(O)=C1)OC(C(O)C2=O)C3=CC(O)=C(O)C(O)=C3,0.02,OC1=C2C(=CC(O)=C1)OC(C(O)C2=O)C3=CC(O)=C(O)C(O)=C3,0.02,CC1OC(OC2=CC(=CC3=C2OC(C(O)C3=O)C4=CC(O)=C(O)C=C4)O)C(O)C(O)C1O,0.01,CC1OC(OC[C@H]2OC(OC3=C(OC4=CC(O)=CC(O)=C4C3=O)C5=CC=C(O)C(O)C5)C(O)C(O)C2O)C(O)C(O)C1O,0.01,CC1OC(OC[C@H]2OC(OC3=C(OC4=CC(O)=CC(O)=C4C3=O)C5=CC=C(O)C=C5)C(O)C(O)C2O)C(O)C(O)C1O,0.01,,,,,,,,,,,,,,,99.97
413,Coffee peel anthocyanin,CC1C(C(C(C(O1)OCC2C(C(C(C(O2)OC3=CC4=C(C=C(C=C4[O+]=C3C5=CC(=C(C=C5)O)O)O)O)O)O)O)O)O)O.[Cl-],50,,,,,,,,,,,,,,,,,,,,,,,,,,,,,,,,,,,,,,,,,,,,,,,,,50
414,black soybean seed coat anthocyanin,,,,,,,,,,,,,,,,,,,,,,,,,,,,,,,,,,,,,,,,,,,,,,,,,,,0
415,propolis extract,C1=CC(=C(C=C1/C=C/C(=O)O)O)O,0.085,C1[C@H](OC2=CC(=CC(=C2C1=O)O)O)C3=CC=CC=C3,0.082,C1[C@@H]([C@H](OC2=CC(=CC(=C21)O)O)C3=CC(=C(C=C3)O)O)O,0.078,C1=CC(=C(C=C1C2=C(C(=O)C3=C(C=C(C=C3O2)O)O)O)O)O,0.076,C1=CC=C(C=C1)C2=CC(=O)C3=C(C=C(C=C3O2)O)O,0.055,,,,,,,,,,,,,,,,,,,,,,,,,,,,,,,,,,,,,,,,,0.376
416,Zataria multiflora Boiss essential oil (ZEO),CC1=CC(=C(C=C1)C(C)C)O,47.46,CC1=CC=C(C=C1)C(C)C,13.16,CC1=C(C=C(C=C1)C(C)C)O,9.64,CC(=CCCC(C)(C=C)O)C,7.92,CC1=CCC(=CC1)C(C)C,2.72,C/C/1=C\CCC(=C)[C@H]2CC([C@@H]2CC1)(C)C,2.59,CC1=C[C@H]2C[C@@H](C1)C2(C)C,1.97,C[C@@]12CC[C@@H]3[C@H](CC3(C)C)C(=C)CC[C@H]1O2,1.81,CC1=CC(=C(C=C1)C(C)C)OC,1.71,CC1=CC=C(CC1)C(C)C,1.11,CCCCCC(=O)CC,1.07,,,,,,,,,,,,,,,,,,,,,,,,,,,,,91.16
417,Mentha pulegium essential oil (MEO),C[C@@H]1CCC(=C(C)C)C(=O)C1,40.5,C[C@@H]1CC[C@H](C(=O)C1)C(C)C,35.4,CC1=CC(=O)C(CC1)C(C)C,5.2,CC[C@@H](CC[C@@H](C)[C@H]1CC[C@@H]2[C@@]1(CC[C@H]3[C@H]2CC=C4[C@@]3(CC[C@@H](C4)O)C)C)C(C)C,2.3,COC1=CC=C(C=C1)CC=C,1.9,CCCCCC(=O)CC,1.9,C[C@@H]1CC[C@@]2(CC[C@@]3(C(=CC[C@H]4[C@]3(CC[C@@H]5[C@@]4(CC[C@@H](C5(C)C)O)C)C)[C@@H]2[C@H]1C)C)C,1.2,CC1=C[C@H]2C[C@@H](C1)C2(C)C,0.9,CC1=CCC(CC1)C(C)(C)O,0.9,CC1(C2CCC(=C)C1C2)C,0.8,,,,,,,,,,,,,,,,,,,,,,,,,,,,,,,91
418,calcium carbonate,C(=O)([O-])[O-].[Ca+2],100,,,,,,,,,,,,,,,,,,,,,,,,,,,,,,,,,,,,,,,,,,,,,,,,,100
419,glucono-ﾎｴ-lactone (GDL),C([C@@H]1[C@H]([C@@H]([C@H](C(=O)O1)O)O)O)O,100,,,,,,,,,,,,,,,,,,,,,,,,,,,,,,,,,,,,,,,,,,,,,,,,,100
420,orange essential oil,CC(=CCCC(C)(C=C)OC(=O)C)C,63.37,CC1=CC[C@H](CC1)C(C)(C)O,8.84,CC(=CCC/C(=C/COC(=O)C)/C)C,6.02,CC(=CCC/C(=C\COC(=O)C)/C)C,3.77,CC(=CCC/C(=C/CO)/C)C,3.68,CC1(C2CCC(O1)(CC2)C)C,2.7,CC(=CC/C=C(/C)\C=C)C,2.39,CC(=CCCC(=C)C=C)C,2.32,,,,,,,,,,,,,,,,,,,,,,,,,,,,,,,,,,,93.09
421,Buckwheat starch,C([C@@H]1[C@H]([C@@H]([C@H]([C@H](O1)O)O)O)O)O,100,,,,,,,,,,,,,,,,,,,,,,,,,,,,,,,,,,,,,,,,,,,,,,,,,100
422,High methoxyl pectin,[C@@H]1([C@H]([C@H](OC([C@@H]1O)O)C(=O)O)O)O,75.8,,,,,,,,,,,,,,,,,,,,,,,,,,,,,,,,,,,,,,,,,,,,,,,,,75.8
424,ﾎｹ-carrageenan,C([C@@H]1[C@@H]([C@@H]([C@H]([C@@H](O1)O)O)O)O)O,50,S(=O)(=O)(O)O[C@@H](C=O)[C@@H]1[C@@H](O)[C@H](O)CO1,50,,,,,,,,,,,,,,,,,,,,,,,,,,,,,,,,,,,,,,,,,,,,,,,100
425,ﾎｺ-carrageenan,C([C@@H]1[C@@H]([C@@H]([C@H]([C@@H](O1)O)O)O)O)O,50,C1[C@H]([C@@H]([C@H](O1)[C@H](C=O)O)O)O,50,,,,,,,,,,,,,,,,,,,,,,,,,,,,,,,,,,,,,,,,,,,,,,,100
426,Tomato paste,C([C@@H]1[C@H]([C@@H]([C@](O1)(CO)O)O)O)O,8,C([C@@H]1[C@H]([C@@H]([C@H]([C@@H](O1)O)O)O)O)O,8,[C@@H]1([C@H]([C@H](O[C@@H]([C@@H]1O)O)C(=O)O)O)O,3.5,C(CC(=O)O)[C@@H](C(=O)O)N,4.2,,,,,,,,,,,,,,,,,,,,,,,,,,,,,,,,,,,,,,,,,,,23.7
427,chitosan glycerol,C([C@@H]1C([C@@H]([C@H]([C@@H](O1)O)N)O)O[C@H]2[C@@H]([C@H](C([C@H](O2)CO)O[C@@H]3[C@@H]([C@H]([C@@H]([C@](O3)(CO)C(=O)C(CO)O)O)O)N)O)N)O,100,,,,,,,,,,,,,,,,,,,,,,,,,,,,,,,,,,,,,,,,,,,,,,,,,100
428,chitosanGO,CC(=CCC/C(=C/CO)/C)C,25.9,CC1=CC[C@H](C=C1)[C@H](C)CCC=C(C)C,9.5,CC(=CCC/C(=C/C/C=C(\C)/C=C)/C)C,7.6,CC(=CCC/C(=C\\C=O)/C)C,7.4,CC1=CC=C(C=C1)C(C)CCC=C(C)C,6.6,C[C@@H](CCC=C(C)C)[C@H]1CCC(=C)C=C1,5.1,,,,,,,,,,,,,,,,,,,,,,,,,,,,,,,,,,,,,,,62.1
429,Pedada flour,C([C@@H]1[C@H]([C@@H]([C@H]([C@@H](O1)O)O)O)O)O,95,,,,,,,,,,,,,,,,,,,,,,,,,,,,,,,,,,,,,,,,,,,,,,,,,95
430,delonix regia galactomannan,C([C@@H]1[C@H]([C@@H]([C@@H](C(O1)O)O)O)O)O,79.6,C([C@@H]1[C@@H]([C@@H]([C@H](C(O1)O)O)O)O)O,20.4,,,,,,,,,,,,,,,,,,,,,,,,,,,,,,,,,,,,,,,,,,,,,,,100
431,Vanillin,COC1=C(C=CC(=C1)C=O)O,100,,,,,,,,,,,,,,,,,,,,,,,,,,,,,,,,,,,,,,,,,,,,,,,,,100
432,gum ghatti,C1[C@@H]([C@@H]([C@H](C(O1)O)O)O)O,48.4,C([C@@H]1[C@@H]([C@@H]([C@H](C(O1)O)O)O)O)O,27.3,[C@@H]1([C@@H]([C@H](OC([C@@H]1O)O)C(=O)O)O)O,5.8,,,,,,,,,,,,,,,,,,,,,,,,,,,,,,,,,,,,,,,,,,,,,81.5
433,carboxymethyl starch,C([C@@H]1[C@H]([C@@H]([C@H]([C@H](O1)O)O)O)O)O,100,,,,,,,,,,,,,,,,,,,,,,,,,,,,,,,,,,,,,,,,,,,,,,,,,100
434,ﾎｻ-carrageenan,C([C@@H]1[C@@H]([C@@H]([C@H]([C@@H](O1)O)O)O)O)O,50,C1[C@H]([C@@H]([C@H](O1)[C@H](C=O)O)O)O,50,,,,,,,,,,,,,,,,,,,,,,,,,,,,,,,,,,,,,,,,,,,,,,,100
435,green tea extract (GTE),C([C@@H]1[C@@H]([C@@H]([C@H](C(O1)O)O)O)O)O,44.4,C1[C@@H]([C@@H]([C@H](C(O1)O)O)O)O,33.3,[C@@H]1([C@@H]([C@H](OC([C@@H]1O)O)C(=O)O)O)O,11.1,C[C@H]1[C@@H]([C@H]([C@H](C(O1)O)O)O)O,11.1,,,,,,,,,,,,,,,,,,,,,,,,,,,,,,,,,,,,,,,,,,,99.9
436,levan,C([C@H]([C@H]([C@@H](C(=O)CO)O)O)O)O,100,,,,,,,,,,,,,,,,,,,,,,,,,,,,,,,,,,,,,,,,,,,,,,,,,100
437,SHPI,CCCCC/C=C\C/C=C\CCCCCCCC(=O)O,58.4,CCCCCCCCCCCCCCCC(=O)O,17.1,CCCCCCCC/C=C\\CCCCCCCC(=O)O,10.5,CCCCCCCCCCCCCCCCCC(=O)O,8.7,CC/C=C\\C/C=C\\C/C=C\\CCCCCCCC(=O)O,4.3,,,,,,,,,,,,,,,,,,,,,,,,,,,,,,,,,,,,,,,,,99
438,Glove oil,,,,,,,,,,,,,,,,,,,,,,,,,,,,,,,,,,,,,,,,,,,,,,,,,,,0
439,Albizia gum (AZG),C([C@@H]1[C@@H]([C@@H]([C@H](C(O1)O)O)O)O)O,55,C1[C@@H]([C@@H]([C@H](C(O1)O)O)O)O,21,C[C@H]1[C@@H]([C@H]([C@H]([C@H](O1)O)O)O)O,9,C([C@@H]1[C@H]([C@@H]([C@](O1)(CCl)O[C@@H]2[C@@H]([C@H]([C@H]([C@H](O2)C(=O)O)Cl)O)O)O)O)Cl,9,C([C@@H]1[C@H]([C@@H]([C@@H]([C@@H](O1)O)O)O)O)O,6,,,,,,,,,,,,,,,,,,,,,,,,,,,,,,,,,,,,,,,,,100
440,Moringa oleifera purified flavonoids (MOPF),C[C@H]1[C@@H]([C@H]([C@H]([C@@H](O1)OC[C@@H]2[C@H]([C@@H]([C@H]([C@@H](O2)OC3=C(OC4=CC(=CC(=C4C3=O)O)O)C5=CC(=C(C=C5)O)O)O)O)O)O)O)O,0.4,C1=CC(=C(C=C1C2=C(C(=O)C3=C(C=C(C=C3O2)O)O)O[C@H]4[C@@H]([C@H]([C@@H]([C@H](O4)CO)O)O)O)O)O,0.4,C1=CC(=CC=C1C2=C(C(=O)C3=C(C=C(C=C3O2)O)O)O[C@H]4[C@@H]([C@H]([C@@H]([C@H](O4)CO)O)O)O)O,0.4,,,,,,,,,,,,,,,,,,,,,,,,,,,,,,,,,,,,,,,,,,,,,1.2
441,anthocyanin,C1=CC=C(C=C1)C2=[O+]C3=CC=CC=C3C=C2,100,,,,,,,,,,,,,,,,,,,,,,,,,,,,,,,,,,,,,,,,,,,,,,,,,100
442,Cascara,,,,,,,,,,,,,,,,,,,,,,,,,,,,,,,,,,,,,,,,,,,,,,,,,,,0
443,passion fruit peel,CC(=O)O,53,C1=CC=C(C=C1)CO,25,,,,,,,,,,,,,,,,,,,,,,,,,,,,,,,,,,,,,,,,,,,,,,,78
444,Rutin,C[C@H]1[C@@H]([C@H]([C@H]([C@@H](O1)OC[C@@H]2[C@H]([C@@H]([C@H]([C@@H](O2)OC3=C(OC4=CC(=CC(=C4C3=O)O)O)C5=CC(=C(C=C5)O)O)O)O)O)O)O)O,100,,,,,,,,,,,,,,,,,,,,,,,,,,,,,,,,,,,,,,,,,,,,,,,,,100
445,free rutin (FR),C[C@H]1[C@@H]([C@H]([C@H]([C@@H](O1)OC[C@@H]2[C@H]([C@@H]([C@H]([C@@H](O2)OC3=C(OC4=CC(=CC(=C4C3=O)O)O)C5=CC(=C(C=C5)O)O)O)O)O)O)O)O,100,,,,,,,,,,,,,,,,,,,,,,,,,,,,,,,,,,,,,,,,,,,,,,,,,100
446,Fenugreek seed mucilage (FSM),C([C@@H]1[C@H]([C@@H]([C@H](C(O1)O)O)O)O)O,50,C1[C@H]([C@@H]([C@H](C(O1)O)O)O)O,11.1,C[C@H]1[C@@H]([C@H]([C@H](C(O1)O)O)O)O,9.4,,,,,,,,,,,,,,,,,,,,,,,,,,,,,,,,,,,,,,,,,,,,,70.5
447,Citrus flavonoids(CF),C[C@H]1[C@@H]([C@H]([C@H]([C@@H](O1)OC[C@@H]2[C@H]([C@@H]([C@H]([C@@H](O2)OC3=CC(=C4C(=O)C[C@H](OC4=C3)C5=CC(=C(C=C5)OC)O)O)O)O)O)O)O)O,1.4888,COC1=C(C=C(C=C1)C2=CC(=O)C3=C(C(=C(C=C3O2)OC)OC)OC)OC,0.1882,COC1=C(C=C(C=C1)C2=CC(=O)C3=C(O2)C(=C(C(=C3OC)OC)OC)OC)OC,0.1506,C[C@H]1[C@@H]([C@H]([C@H]([C@@H](O1)OC[C@@H]2[C@H]([C@@H]([C@H]([C@@H](O2)OC3=CC(=C4C(=O)C[C@H](OC4=C3)C5=CC=C(C=C5)OC)O)O)O)O)O)O)O,0.0984,C[C@H]1[C@@H]([C@H]([C@H]([C@@H](O1)OC[C@@H]2[C@H]([C@@H]([C@H]([C@@H](O2)OC3=CC(=C4C(=O)C[C@H](OC4=C3)C5=CC=C(C=C5)O)O)O)O)O)O)O)O,0.0552,CC(=CCC1=C2C(=C(C=C1O)O)C(=O)C[C@H](O2)C3=CC=C(C=C3)O)C,0.02,,,,,,,,,,,,,,,,,,,,,,,,,,,,,,,,,,,,,,,2.0012
448,Essential oils (EOs),CC(=CCC/C(=C/C=O)/C)C,20.98,CC(=CCC/C(=C\C=O)/C)C,16.46,CC1=C[C@H]2C[C@@H](C1)C2(C)C,16.24,CC(=CCC/C(=C/COC(=O)C)/C)C,10.75,CC(=CCC/C(=C/C(=O)OC)/C)C,7.46,CC(=CCCC(C)(C=C)O)C,7.45,CC(=CCC/C(=C/CO)/C)C,1.87,CC(=CCCC(=C)C=C)C,1.77,CC1=CC[C@@H](C1(C)C)CC=O,1.71,CC(C)C1CCC(=C)C=C1,1.09,CC1=CC=C(CC1)C(C)C,1.09,CC(=CCCC(C)(C=C)O)C,1.07,,,,,,,,,,,,,,,,,,,,,,,,,,,#REF!
449,Garden Cress Seed Extract (GRCE),C1=C(C=C(C(=C1O)O)O)C(=O)O,0.2761,C1[C@H]([C@H]([C@@H](C[C@@]1(C(=O)O)O)OC(=O)/C=C\C2=CC(=C(C=C2)O)O)O)O,0.2214,COC1=C(C=CC(=C1)/C=C/C(=O)O)O,0.1197,C1=CC(=C(C=C1C2=C(C(=O)C3=C(C=C(C=C3O2)O)O)O)O)O,0.0895,[2H]OC[C@H]([C@H]([C@H]1[C@@H]([C@H](C[C@@](O1)(C(=O)O)OC)O[2H])NC(=O)C)O[2H])O[2H],0.1791,C1=CC(=CN=C1)C(=O)OC2=C(C(=C(C3=C2OC(C(C3=O)OOC(=O)C4=CN=CC=C4)C5=CC(=C(C=C5)O)O)OOC(=O)C6=CN=CC=C6)OC(=O)C7=CN=CC=C7)OOC(=O)C8=CN=CC=C8,0.1691,,,,,,,,,,,,,,,,,,,,,,,,,,,,,,,,,,,,,,,1.0549
450,moringa gum,C([C@@H]1[C@@H]([C@@H]([C@H](C(O1)O)O)O)O)O,57.7,C1[C@@H]([C@@H]([C@H](C(O1)O)O)O)O,47.7,C([C@@H]1[C@H]([C@@H]([C@H](C(O1)O)O)O)O)O,1,,,,,,,,,,,,,,,,,,,,,,,,,,,,,,,,,,,,,,,,,,,,,106.4
451,pine cone extract (PCE),C1[C@H]([C@@H]([C@@H](C[C@]1(C(=O)O)O)OC(=O)/C=C/C2=CC=C(C=C2)O)O)O,0.26,C1[C@@H]([C@H](OC2=CC(=CC(=C21)O)O)C3=CC(=C(C=C3)O)O)O,0.99,C1[C@H]([C@H](OC2=CC(=CC(=C21)O)O)C3=CC(=C(C=C3)O)O)O,0.99,,,,,,,,,,,,,,,,,,,,,,,,,,,,,,,,,,,,,,,,,,,,,2.24
452,Tomato seed mucilage (TSM),C1[C@H]([C@@H]([C@H](C(O1)O)O)O)O,53.1,C1[C@@H]([C@@H]([C@H](C(O1)O)O)O)O,23.4,C([C@@H]1[C@H]([C@@H]([C@@H](C(O1)O)O)O)O)O,12.1,C([C@@H]1[C@H]([C@@H]([C@H](C(O1)O)O)O)O)O,4.6,C[C@H]1[C@@H]([C@H]([C@H](C(O1)O)O)O)O,4.5,C([C@@H]1[C@@H]([C@@H]([C@H](C(O1)O)O)O)O)O,2.4,,,,,,,,,,,,,,,,,,,,,,,,,,,,,,,,,,,,,,,100.1
453,carbon dots (CDs),C,100,,,,,,,,,,,,,,,,,,,,,,,,,,,,,,,,,,,,,,,,,,,,,,,,,100
454,Litsea cubeba essential oil (LC-EO),CC(=CCC/C(=C/C=O)/C)C,41.09,CC(=CCC/C(=C\C=O)/C)C,34.7,CC1=CC[C@@H](CC1)C(=C)C,1.74,CC(=CCCC(=C)C=C)C,1.67,CC(CCC=C(C)C)CC=O,0.52,,,,,,,,,,,,,,,,,,,,,,,,,,,,,,,,,,,,,,,,,79.72
455,walnut green husk polyphenols (WGHP),,,,,,,,,,,,,,,,,,,,,,,,,,,,,,,,,,,,,,,,,,,,,,,,,,,0
457,micro-emulsion (MOEO),CC1=CC=CC=C1C(C)C,39.44,CC1=C(C=C(C=C1)C(C)C)O,29.8,CC1=CCC(=C(C)C)CC1,20.82,,,,,,,,,,,,,,,,,,,,,,,,,,,,,,,,,,,,,,,,,,,,,90.06
458,nano-emulsion (NOEO),CC1=CC=CC=C1C(C)C,39.44,CC1=C(C=C(C=C1)C(C)C)O,29.8,CC1=CCC(=C(C)C)CC1,20.82,,,,,,,,,,,,,,,,,,,,,,,,,,,,,,,,,,,,,,,,,,,,,90.06
459,purple onion peel (POPE),C1=C(C=C(C(=C1O)O)O)C(=O)O,0.024,C1=CC(=C(C=C1C(=O)O)O)O,0.438,C1=CC(=CC(=C1)O)C(=O)O,0.924,COC1=C(C=CC(=C1)C(=O)O)O,0.059,COC1=C(C=CC(=C1)/C=C/C(=O)O)O,0.061,C1=CC(=C(C=C1C2=C(C(=O)C3=C(C=C(C=C3O2)O)O)O)O)O,12.552,,,,,,,,,,,,,,,,,,,,,,,,,,,,,,,,,,,,,,,14.058
461,Helichrysum italicum essential oil(HIEO),CC1CCC2C13CC(C2(C)C)C4(C(C3)O4)C,13.61,CC1=CC=C(C=C1)C(C)CCC=C(C)C,11.41,CC(=CCC/C(=C/COC(=O)C)/C)C,10.05,CC1=CC[C@@H](CC1)C(=C)C,6.07,CC(=CCC/C(=C\CO)/C)C,5.04,CC(=CCC/C(=C\COC(=O)C)/C)C,4.91,CC1=C[C@H]2C[C@@H](C1)C2(C)C,3.78,COC1=CC=CC=C1,2.99,CC(=CCCC(C)(C=C)O)C,2.98,CC1=CCC[C@]2([C@H]1C[C@@H](CC2)C(C)(C)O)C,2.88,CC1=CC=C(CC1)C(C)C,2.47,CC1=CC(=C(C(=C1)CO)O)CO,2.42,C[C@H]1CC[C@H](CC2=C1CC[C@@H]2C)C(C)(C)O,2.36,,,,,,,,,,,,,,,,,,,,,,,,,70.97
462,basil seed gum (BSG),C([C@@H]1[C@H]([C@@H]([C@H](C(O1)O)O)O)O)O,29.6,C([C@@H]1[C@@H]([C@@H]([C@H](C(O1)O)O)O)O)O,16.1,C([C@@H]1[C@H]([C@@H]([C@@H](C(O1)O)O)O)O)O,8.9,C1[C@@H]([C@@H]([C@H](C(O1)O)O)O)O,5.7,C1[C@H]([C@@H]([C@H](C(O1)O)O)O)O,4.1,C[C@H]1[C@@H]([C@H]([C@H](C(O1)O)O)O)O,2.2,,,,,,,,,,,,,,,,,,,,,,,,,,,,,,,,,,,,,,,66.6
463,free vitamin E (FVE),CC1=C(C(=C(C2=C1O[C@](CC2)(C)CCC[C@H](C)CCC[C@H](C)CCCC(C)C)C)OC(=O)C)C,100,,,,,,,,,,,,,,,,,,,,,,,,,,,,,,,,,,,,,,,,,,,,,,,,,100
464,vitamin E liposomes (LVE),CCCCCCCCCCCCCCCC(=O)OC[C@H](COP(=O)([O-])OCC[N+](C)(C)C)OC(=O)CCCCCCCCCCCCCCC,40.08,CCCCCCCCCCCCCCCC(=O)OC[C@H](COP(=O)([O-])OCC[N+](C)(C)C)OC(=O)CCCCCCC/C=C\CCCCCCCC,40.08,CC1=C(C(=C(C2=C1O[C@](CC2)(C)CCC[C@H](C)CCC[C@H](C)CCCC(C)C)C)OC(=O)C)C,16.33,C[C@H](CCCC(C)C)[C@H]1CC[C@@H]2[C@@]1(CC[C@H]3[C@H]2CC=C4[C@@]3(CC[C@@H](C4)O)C)C,2.04,,,,,,,,,,,,,,,,,,,,,,,,,,,,,,,,,,,,,,,,,,,98.53
465,vitamin E nanoliposomes (NLVE),CCCCCCCCCCCCCCCC(=O)OC[C@H](COP(=O)([O-])OCC[N+](C)(C)C)OC(=O)CCCCCCCCCCCCCCC,40.08,CCCCCCCCCCCCCCCC(=O)OC[C@H](COP(=O)([O-])OCC[N+](C)(C)C)OC(=O)CCCCCCC/C=C\CCCCCCCC,40.08,CC1=C(C(=C(C2=C1O[C@](CC2)(C)CCC[C@H](C)CCC[C@H](C)CCCC(C)C)C)OC(=O)C)C,16.33,C[C@H](CCCC(C)C)[C@H]1CC[C@@H]2[C@@]1(CC[C@H]3[C@H]2CC=C4[C@@]3(CC[C@@H](C4)O)C)C,2.04,,,,,,,,,,,,,,,,,,,,,,,,,,,,,,,,,,,,,,,,,,,98.53
466,sodium silicate,[O-][Si](=O)[O-].[Na+].[Na+],100,,,,,,,,,,,,,,,,,,,,,,,,,,,,,,,,,,,,,,,,,,,,,,,,,100
467,ethylene diamine tetraacetic acid-2Na (EDTA-2Na),C(CN(CC(=O)[O-])CC(=O)[O-])N(CC(=O)O)CC(=O)O.[Na+].[Na+],100,,,,,,,,,,,,,,,,,,,,,,,,,,,,,,,,,,,,,,,,,,,,,,,,,100
468,nopal cladodes,[C@@H]1([C@H]([C@H](O[C@@H]([C@@H]1O)O)C(=O)O)O)O,85,,,,,,,,,,,,,,,,,,,,,,,,,,,,,,,,,,,,,,,,,,,,,,,,,85
469,propylene glycol,CC(CO)O,100,,,,,,,,,,,,,,,,,,,,,,,,,,,,,,,,,,,,,,,,,,,,,,,,,100